"","Location","Range_Min","Range_Max","Bin_Type","Magic","Avg_Relative_Error","Max_Relative_Error","N"
"1",1,0.25,0.4375,"equal",1597469628,0.000922939856536686,0.00165269908029586,4
"2",2,0.4375,0.625,"equal",1597199117,4.99950947414618e-05,0.000130990956677124,4
"3",3,0.625,0.8125,"equal",1597248424,0.000134596499265172,0.000274630612693727,4
"4",4,0.8125,1,"equal",1597609084,0.000489871192257851,0.000959660101216286,4
"5",1,0.25,0.375,"equal",1597486872,0.0006224574171938,0.00155395711772144,6
"6",2,0.375,0.5,"equal",1597178877,0.000100372126325965,0.000182916002813727,6
"7",3,0.5,0.625,"equal",1597202396,5.45493021490984e-05,0.000123361081932671,6
"8",4,0.625,0.75,"equal",1597170824,2.78786683338694e-05,5.66337184864096e-05,6
"9",5,0.75,0.875,"equal",1597401289,0.000165236837347038,0.000469568651169538,6
"10",6,0.875,1,"equal",1597724284,0.000262808578554541,0.000503666000440717,6
"11",1,0.25,0.34375,"equal",1597543711,0.000454311986686662,0.00124705047346652,8
"12",2,0.34375,0.4375,"equal",1597080837,9.89639374893159e-06,1.99930091184797e-05,8
"13",3,0.4375,0.53125,"equal",1597199081,4.753858956974e-05,0.00013107739505358,8
"14",4,0.53125,0.625,"equal",1597159849,1.67093676282093e-05,3.83189544663765e-05,8
"15",5,0.625,0.71875,"equal",1597142386,8.89084913069382e-06,1.7888401998789e-05,8
"16",6,0.71875,0.8125,"equal",1597278475,5.53163954464253e-05,0.000159676084876992,8
"17",7,0.8125,0.90625,"equal",1597524235,0.000132424393086694,0.00038941323873587,8
"18",8,0.90625,1,"equal",1597791891,0.000162596348673105,0.000304611166939139,8
"19",1,0.25,0.3125,"equal",1597647005,0.000267165567493066,0.000774953572545201,12
"20",2,0.3125,0.375,"equal",1597171628,4.60163282696158e-05,0.000122017954709008,12
"21",3,0.375,0.4375,"equal",1597057106,2.75319143838715e-06,5.26935173184029e-06,12
"22",4,0.4375,0.5,"equal",1597199118,4.67553836642765e-05,0.000131051478092559,12
"23",5,0.5,0.5625,"equal",1597230733,2.35367060668068e-05,6.70545487082563e-05,12
"24",6,0.5625,0.625,"equal",1597130513,3.35303548126831e-06,7.86795317253564e-06,12
"25",7,0.625,0.6875,"equal",1597121720,1.69490351709101e-06,3.41188592756225e-06,12
"26",8,0.6875,0.75,"equal",1597184597,1.16833361971658e-05,3.35523509420455e-05,12
"27",9,0.75,0.8125,"equal",1597303857,2.93341818178305e-05,8.65139591041952e-05,12
"28",10,0.8125,0.875,"equal",1597469114,5.25691648363136e-05,0.000154998386278749,12
"29",11,0.875,0.9375,"equal",1597672214,7.84514922997914e-05,0.000233964194194414,12
"30",12,0.9375,1,"equal",1597865614,7.86514283390716e-05,0.000144725403515622,12
"31",1,0.25,0.291666666666667,"equal",1597745808,0.000144340185215697,0.00042742129880935,18
"32",2,0.291666666666667,0.333333333333333,"equal",1597326934,5.25542818650138e-05,0.000153483299072832,18
"33",3,0.333333333333333,0.375,"equal",1597112245,1.20206459541805e-05,3.28297828673385e-05,18
"34",4,0.375,0.416666666666667,"equal",1597040215,2.41747528662017e-07,6.03083663008874e-07,18
"35",5,0.416666666666667,0.458333333333333,"equal",1597092563,7.65616186981788e-06,2.06602617254248e-05,18
"36",6,0.458333333333333,0.5,"equal",1597226124,2.56348357652314e-05,7.5021198426839e-05,18
"37",7,0.5,0.541666666666667,"equal",1597251064,1.2645110473386e-05,3.71998794435058e-05,18
"38",8,0.541666666666667,0.583333333333333,"equal",1597161127,4.39123914475203e-06,1.27464336401317e-05,18
"39",9,0.583333333333333,0.625,"equal",1597117525,7.00366911132733e-07,1.79034532266087e-06,18
"40",10,0.625,0.666666666666667,"equal",1597112785,3.18107225893982e-07,6.65887853301683e-07,18
"41",11,0.666666666666667,0.708333333333333,"equal",1597140633,2.38426491705468e-06,6.72207988827722e-06,18
"42",12,0.708333333333333,0.75,"equal",1597196530,6.17386695012101e-06,1.83610773092369e-05,18
"43",13,0.75,0.791666666666667,"equal",1597276503,1.15140028356109e-05,3.41534723702352e-05,18
"44",14,0.791666666666667,0.833333333333333,"equal",1597377646,1.77939582499675e-05,5.31404184584972e-05,18
"45",15,0.833333333333333,0.875,"equal",1597497081,2.51393485086737e-05,7.45998258935288e-05,18
"46",16,0.875,0.916666666666667,"equal",1597632861,3.30066723108757e-05,9.80184631771408e-05,18
"47",17,0.916666666666667,0.958333333333333,"equal",1597782991,4.11282635468524e-05,0.000123000922030769,18
"48",18,0.958333333333333,1,"equal",1597917947,3.64568186341785e-05,6.71021480229683e-05,18
"49",1,0.25,0.28125,"equal",1597805322,9.15771015570499e-05,0.000267294846707955,24
"50",2,0.28125,0.3125,"equal",1597446876,4.35956208093558e-05,0.00013036209566053,24
"51",3,0.3125,0.34375,"equal",1597217983,1.78963819053024e-05,5.28467680851463e-05,24
"52",4,0.34375,0.375,"equal",1597089780,4.94862524647033e-06,1.37970191644854e-05,24
"53",5,0.375,0.40625,"equal",1597040031,2.80876889746651e-07,6.02399893523398e-07,24
"54",6,0.40625,0.4375,"equal",1597058349,1.79221547114139e-06,4.7308726607298e-06,24
"55",7,0.4375,0.46875,"equal",1597128631,7.32694024918601e-06,2.14651881833561e-05,24
"56",8,0.46875,0.5,"equal",1597243584,1.59677947522141e-05,4.71749917778652e-05,24
"57",9,0.5,0.53125,"equal",1597263392,7.78409594204277e-06,2.32859656534856e-05,24
"58",10,0.53125,0.5625,"equal",1597186598,3.80940991817624e-06,1.12957022793125e-05,24
"59",11,0.5625,0.59375,"equal",1597137678,1.37853749038186e-06,4.11283008361352e-06,24
"60",12,0.59375,0.625,"equal",1597113024,2.46598318653923e-07,6.59701697713899e-07,24
"61",13,0.625,0.65625,"equal",1597109743,1.01414315167858e-07,2.85030182567425e-07,24
"62",14,0.65625,0.6875,"equal",1597124978,7.16810347967112e-07,2.12533564081241e-06,24
"63",15,0.6875,0.71875,"equal",1597156872,2.01684247258527e-06,5.96280915488023e-06,24
"64",16,0.71875,0.75,"equal",1597203752,3.81843119612313e-06,1.13562009573798e-05,24
"65",17,0.75,0.78125,"equal",1597263919,5.9766684898932e-06,1.80668357643299e-05,24
"66",18,0.78125,0.8125,"equal",1597336098,8.59480860526673e-06,2.57887877523899e-05,24
"67",19,0.8125,0.84375,"equal",1597419173,1.14755603135563e-05,3.42785824614111e-05,24
"68",20,0.84375,0.875,"equal",1597512052,1.45464355227887e-05,4.36003065260593e-05,24
"69",21,0.875,0.90625,"equal",1597613940,1.79033322638134e-05,5.35250183020253e-05,24
"70",22,0.90625,0.9375,"equal",1597724060,2.1381541955634e-05,6.38918354525231e-05,24
"71",23,0.9375,0.96875,"equal",1597841727,2.51413257501554e-05,7.46798250474967e-05,24
"72",24,0.96875,1,"equal",1597945049,2.09899753826903e-05,3.85542662115768e-05,24
"73",1,0.25,0.2734375,"equal",1597854725,5.4712680139346e-05,0.000162722601089627,32
"74",2,0.2734375,0.296875,"equal",1597558605,3.24927787005436e-05,9.71819245023653e-05,32
"75",3,0.296875,0.3203125,"equal",1597342723,1.78616173798218e-05,5.37043815711513e-05,32
"76",4,0.3203125,0.34375,"equal",1597192474,8.71870634000516e-06,2.59083044511499e-05,32
"77",5,0.34375,0.3671875,"equal",1597097032,3.30770581058459e-06,9.57567408477189e-06,32
"78",6,0.3671875,0.390625,"equal",1597047789,6.53947608952876e-07,1.7136227370429e-06,32
"79",7,0.390625,0.4140625,"equal",1597037129,1.10208851822335e-07,3.01603137131679e-07,32
"80",8,0.4140625,0.4375,"equal",1597061452,1.24477185181604e-06,3.54818325831729e-06,32
"81",9,0.4375,0.4609375,"equal",1597114466,3.67387815458642e-06,1.06454181150184e-05,32
"82",10,0.4609375,0.484375,"equal",1597193085,6.92277308189659e-06,2.0658540961449e-05,32
"83",11,0.484375,0.5078125,"equal",1597274285,5.06786227560951e-06,1.3739979294769e-05,32
"84",12,0.5078125,0.53125,"equal",1597250767,4.03714147978462e-06,1.20773456728784e-05,32
"85",13,0.53125,0.5546875,"equal",1597193324,2.3498023438151e-06,7.03796467860229e-06,32
"86",14,0.5546875,0.578125,"equal",1597151769,1.1725951480912e-06,3.55160796061682e-06,32
"87",15,0.578125,0.6015625,"equal",1597124565,4.55752143579957e-07,1.38688346851268e-06,32
"88",16,0.6015625,0.625,"equal",1597110302,9.15689355451832e-08,2.82729189393649e-07,32
"89",17,0.625,0.6484375,"equal",1597108057,4.03104642998642e-08,1.90163447655323e-07,32
"90",18,0.6484375,0.671875,"equal",1597116152,2.25156639999113e-07,6.83984922034142e-07,32
"91",19,0.671875,0.6953125,"equal",1597134198,6.37162827388238e-07,1.95455913853948e-06,32
"92",20,0.6953125,0.71875,"equal",1597161033,1.23297252230259e-06,3.73937746189767e-06,32
"93",21,0.71875,0.7421875,"equal",1597196279,1.99030500880326e-06,6.05917193752248e-06,32
"94",22,0.7421875,0.765625,"equal",1597239114,2.90898447019572e-06,8.72963119036285e-06,32
"95",23,0.765625,0.7890625,"equal",1597288834,3.89964134228649e-06,1.17540766950697e-05,32
"96",24,0.7890625,0.8125,"equal",1597345143,5.00714531881385e-06,1.50435307659791e-05,32
"97",25,0.8125,0.8359375,"equal",1597407491,6.23292544332799e-06,1.87466903298628e-05,32
"98",26,0.8359375,0.859375,"equal",1597475416,7.49680930312024e-06,2.25615785893751e-05,32
"99",27,0.859375,0.8828125,"equal",1597548605,8.85905137693044e-06,2.66330353042576e-05,32
"100",28,0.8828125,0.90625,"equal",1597626632,1.03410902738688e-05,3.08676062559243e-05,32
"101",29,0.90625,0.9296875,"equal",1597709254,1.16913079182268e-05,3.51802227669396e-05,32
"102",30,0.9296875,0.953125,"equal",1597796182,1.3296453289513e-05,3.9770151488483e-05,32
"103",31,0.953125,0.9765625,"equal",1597887077,1.47275704875938e-05,4.44121033069678e-05,32
"104",32,0.9765625,1,"equal",1597965776,1.20220147437067e-05,2.20294859900605e-05,32
"105",1,0.25,0.265625,"equal",1597908511,2.59247353824321e-05,7.8272947575897e-05,48
"106",2,0.265625,0.28125,"equal",1597691318,1.86262404895388e-05,5.62168170290533e-05,48
"107",3,0.28125,0.296875,"equal",1597513622,1.31376864374033e-05,3.92963011108804e-05,48
"108",4,0.296875,0.3125,"equal",1597370147,8.81484356796136e-06,2.64560640061973e-05,48
"109",5,0.3125,0.328125,"equal",1597256764,5.68615087104263e-06,1.69270697369939e-05,48
"110",6,0.328125,0.34375,"equal",1597169981,3.35273034579586e-06,9.99455824057804e-06,48
"111",7,0.34375,0.359375,"equal",1597106744,1.75054276496667e-06,5.21683159604436e-06,48
"112",8,0.359375,0.375,"equal",1597064409,7.09312928393047e-07,2.143978008462e-06,48
"113",9,0.375,0.390625,"equal",1597040762,1.66783934218984e-07,5.21506535733351e-07,48
"114",10,0.390625,0.40625,"equal",1597035087,4.48172663425339e-08,1.51642765899851e-07,48
"115",11,0.40625,0.421875,"equal",1597043319,2.12266101584646e-07,6.83930920786224e-07,48
"116",12,0.421875,0.4375,"equal",1597066121,6.77324749176478e-07,2.05007427211967e-06,48
"117",13,0.4375,0.453125,"equal",1597101597,1.37685651679931e-06,4.17273986386135e-06,48
"118",14,0.453125,0.46875,"equal",1597148793,2.27920554607408e-06,6.8558288148779e-06,48
"119",15,0.46875,0.484375,"equal",1597206693,3.33797061102814e-06,1.0120610568265e-05,48
"120",16,0.484375,0.5,"equal",1597274224,4.60997716800193e-06,1.3739823771175e-05,48
"121",17,0.5,0.515625,"equal",1597284926,2.27105056183063e-06,6.82788413541857e-06,48
"122",18,0.515625,0.53125,"equal",1597238975,1.65166488841351e-06,4.96501706948038e-06,48
"123",19,0.53125,0.546875,"equal",1597200766,1.14306635623507e-06,3.47578793480352e-06,48
"124",20,0.546875,0.5625,"equal",1597169720,7.57289001285244e-07,2.32457432502997e-06,48
"125",21,0.5625,0.578125,"equal",1597145265,4.58280538850886e-07,1.43076840686263e-06,48
"126",22,0.578125,0.59375,"equal",1597127233,2.44625198320136e-07,8.15891837646632e-07,48
"127",23,0.59375,0.609375,"equal",1597114956,1.03871592216365e-07,3.72212383581427e-07,48
"128",24,0.609375,0.625,"equal",1597107958,3.5224868355499e-08,1.86639184107662e-07,48
"129",25,0.625,0.640625,"equal",1597107363,2.75737939148257e-08,9.5413540179834e-08,48
"130",26,0.640625,0.65625,"equal",1597110378,5.39990807624235e-08,1.93138646409352e-07,48
"131",27,0.65625,0.671875,"equal",1597117945,1.28666513887765e-07,4.83001201700972e-07,48
"132",28,0.671875,0.6875,"equal",1597129894,2.4704456791369e-07,7.90732713085163e-07,48
"133",29,0.6875,0.703125,"equal",1597146038,4.1120355831481e-07,1.28527358356223e-06,48
"134",30,0.703125,0.71875,"equal",1597165822,5.98509132032632e-07,1.89927072824503e-06,48
"135",31,0.71875,0.734375,"equal",1597189355,8.36028902995167e-07,2.55382451541664e-06,48
"136",32,0.734375,0.75,"equal",1597216292,1.07234279766999e-06,3.26939812111959e-06,48
"137",33,0.75,0.765625,"equal",1597246371,1.35462198613823e-06,4.12967665397446e-06,48
"138",34,0.765625,0.78125,"equal",1597279583,1.67748646617838e-06,5.05760954183643e-06,48
"139",35,0.78125,0.796875,"equal",1597315697,1.98630732484162e-06,6.00600333200418e-06,48
"140",36,0.796875,0.8125,"equal",1597354595,2.33099012802995e-06,7.02343277225737e-06,48
"141",37,0.8125,0.828125,"equal",1597396198,2.64726986642927e-06,8.05915715318406e-06,48
"142",38,0.828125,0.84375,"equal",1597440236,3.05322737403912e-06,9.19805552257458e-06,48
"143",39,0.84375,0.859375,"equal",1597486757,3.42340672432329e-06,1.03878019217518e-05,48
"144",40,0.859375,0.875,"equal",1597535585,3.87557156500407e-06,1.15970215119887e-05,48
"145",41,0.875,0.890625,"equal",1597586628,4.22286120738136e-06,1.2823799806938e-05,48
"146",42,0.890625,0.90625,"equal",1597639698,4.71164230475551e-06,1.40719357659691e-05,48
"147",43,0.90625,0.921875,"equal",1597694766,5.05500747749466e-06,1.53373530338285e-05,48
"148",44,0.921875,0.9375,"equal",1597751807,5.45440707355738e-06,1.67109810718102e-05,48
"149",45,0.9375,0.953125,"equal",1597810657,6.02730960963527e-06,1.80391234607669e-05,48
"150",46,0.953125,0.96875,"equal",1597871243,6.35986361885443e-06,1.93597370525822e-05,48
"151",47,0.96875,0.984375,"equal",1597933606,6.93339552526595e-06,2.08162728085881e-05,48
"152",48,0.984375,1,"equal",1597986790,5.42582802154357e-06,1.00132783700246e-05,48
"153",1,0.25,0.26171875,"equal",1597937003,1.52373841046938e-05,4.5836168283131e-05,64
"154",2,0.26171875,0.2734375,"equal",1597766276,1.19154037747649e-05,3.58597244485281e-05,64
"155",3,0.2734375,0.28515625,"equal",1597618867,9.2036052592448e-06,2.7739961296902e-05,64
"156",4,0.28515625,0.296875,"equal",1597492526,6.99274824000895e-06,2.11094102269271e-05,64
"157",5,0.296875,0.30859375,"equal",1597385146,5.23343123859377e-06,1.56946189235896e-05,64
"158",6,0.30859375,0.3203125,"equal",1597294836,3.766337840716e-06,1.13903270175797e-05,64
"159",7,0.3203125,0.33203125,"equal",1597220247,2.63720085058594e-06,7.89944806456333e-06,64
"160",8,0.33203125,0.34375,"equal",1597159746,1.74239039552049e-06,5.24193865203415e-06,64
"161",9,0.34375,0.35546875,"equal",1597112311,1.06451955161901e-06,3.21551601700776e-06,64
"162",10,0.35546875,0.3671875,"equal",1597076942,5.78858646349545e-07,1.77700485437526e-06,64
"163",11,0.3671875,0.37890625,"equal",1597052727,2.53830251040199e-07,8.07172057193384e-07,64
"164",12,0.37890625,0.390625,"equal",1597038097,7.40039212132615e-08,2.93766817094365e-07,64
"165",13,0.390625,0.40234375,"equal",1597033486,2.93914670379536e-08,1.50778987517697e-07,64
"166",14,0.40234375,0.4140625,"equal",1597037576,6.52574598802858e-08,2.3012117367216e-07,64
"167",15,0.4140625,0.42578125,"equal",1597049592,2.03575723389804e-07,6.90426077198936e-07,64
"168",16,0.42578125,0.4375,"equal",1597069319,4.26732697178522e-07,1.3226306236902e-06,64
"169",17,0.4375,0.44921875,"equal",1597095977,7.21100605005631e-07,2.20808078665868e-06,64
"170",18,0.44921875,0.4609375,"equal",1597129184,1.08256324438116e-06,3.31825526700413e-06,64
"171",19,0.4609375,0.47265625,"equal",1597168657,1.48542289934994e-06,4.53247184850625e-06,64
"172",20,0.47265625,0.484375,"equal",1597213944,1.99698843061924e-06,5.97352254771977e-06,64
"173",21,0.484375,0.49609375,"equal",1597264751,2.49610570790537e-06,7.47277272239444e-06,64
"174",22,0.49609375,0.5078125,"equal",1597296995,5.71275450056419e-07,1.86887814379588e-06,64
"175",23,0.5078125,0.51953125,"equal",1597266519,1.12555903797329e-06,3.4369684271951e-06,64
"176",24,0.51953125,0.53125,"equal",1597233485,8.85228246261249e-07,2.69352563009306e-06,64
"177",25,0.53125,0.54296875,"equal",1597204681,6.73644422022335e-07,2.08553956326796e-06,64
"178",26,0.54296875,0.5546875,"equal",1597180132,5.00917735735129e-07,1.58123532401078e-06,64
"179",27,0.5546875,0.56640625,"equal",1597159368,3.53803272901132e-07,1.15436478154152e-06,64
"180",28,0.56640625,0.578125,"equal",1597142351,2.3956934569469e-07,8.07632090982224e-07,64
"181",29,0.578125,0.58984375,"equal",1597128816,1.52628416572043e-07,5.43998680768709e-07,64
"182",30,0.58984375,0.6015625,"equal",1597118649,8.70831442512099e-08,3.66299246934432e-07,64
"183",31,0.6015625,0.61328125,"equal",1597111609,4.60732394458319e-08,1.86707239890893e-07,64
"184",32,0.61328125,0.625,"equal",1597107576,3.00050544410624e-08,1.86858130746259e-07,64
"185",33,0.625,0.63671875,"equal",1597107151,2.6357648508224e-08,9.51219618627874e-08,64
"186",34,0.63671875,0.6484375,"equal",1597108299,3.1287576973682e-08,1.90416884038314e-07,64
"187",35,0.6484375,0.66015625,"equal",1597112420,5.00439689687937e-08,1.93712210716512e-07,64
"188",36,0.66015625,0.671875,"equal",1597118952,8.27657089530476e-08,2.93137645712704e-07,64
"189",37,0.671875,0.68359375,"equal",1597128115,1.34910550286804e-07,4.88756256800116e-07,64
"190",38,0.68359375,0.6953125,"equal",1597139343,1.95815630377183e-07,6.90033459704864e-07,64
"191",39,0.6953125,0.70703125,"equal",1597152833,2.70423868187208e-07,8.94786808203207e-07,64
"192",40,0.70703125,0.71875,"equal",1597168288,3.58432174607515e-07,1.11170857053366e-06,64
"193",41,0.71875,0.73046875,"equal",1597186066,4.54203274102838e-07,1.41513930884685e-06,64
"194",42,0.73046875,0.7421875,"equal",1597205569,5.50382424080453e-07,1.73218631971395e-06,64
"195",43,0.7421875,0.75390625,"equal",1597227056,6.64606545797142e-07,2.05418723453477e-06,64
"196",44,0.75390625,0.765625,"equal",1597250209,7.84615224347363e-07,2.39908399635169e-06,64
"197",45,0.765625,0.77734375,"equal",1597275042,9.08961169443501e-07,2.81638017440855e-06,64
"198",46,0.77734375,0.7890625,"equal",1597301614,1.054700419445e-06,3.17677790917514e-06,64
"199",47,0.7890625,0.80078125,"equal",1597329886,1.18739262688905e-06,3.62696300726384e-06,64
"200",48,0.80078125,0.8125,"equal",1597359554,1.33373021071748e-06,4.05385981139261e-06,64
"201",49,0.8125,0.82421875,"equal",1597390708,1.50269181631302e-06,4.51315372629324e-06,64
"202",50,0.82421875,0.8359375,"equal",1597423309,1.63159609201102e-06,4.97845667268848e-06,64
"203",51,0.8359375,0.84765625,"equal",1597457326,1.77585468463803e-06,5.44976001037867e-06,64
"204",52,0.84765625,0.859375,"equal",1597492635,1.96428140952776e-06,5.92687092648703e-06,64
"205",53,0.859375,0.87109375,"equal",1597529228,2.12617874240095e-06,6.45310228719609e-06,64
"206",54,0.87109375,0.8828125,"equal",1597566996,2.32297702495998e-06,6.94441860105144e-06,64
"207",55,0.8828125,0.89453125,"equal",1597606076,2.51109008786443e-06,7.50448862163466e-06,64
"208",56,0.89453125,0.90625,"equal",1597646318,2.6776394861372e-06,8.00525231170468e-06,64
"209",57,0.90625,0.91796875,"equal",1597687589,2.83193367067724e-06,8.56613951327745e-06,64
"210",58,0.91796875,0.9296875,"equal",1597730059,3.02657963402453e-06,9.13730764295906e-06,64
"211",59,0.9296875,0.94140625,"equal",1597773488,3.19929699799104e-06,9.71576264419127e-06,64
"212",60,0.94140625,0.953125,"equal",1597817963,3.41570785167278e-06,1.02941266959533e-05,64
"213",61,0.953125,0.96484375,"equal",1597863475,3.57182398147415e-06,1.08236090454739e-05,64
"214",62,0.96484375,0.9765625,"equal",1597909877,3.81332642973575e-06,1.14269878395135e-05,64
"215",63,0.9765625,0.98828125,"equal",1597957230,3.98880501961685e-06,1.20160702863359e-05,64
"216",64,0.98828125,1,"equal",1597997578,3.07311211145134e-06,5.7217098401452e-06,64
"217",1,0.25,0.2578125,"equal",1597966701,6.97081804901245e-06,2.12194863706827e-05,96
"218",2,0.2578125,0.265625,"equal",1597847409,6.0513589232869e-06,1.80630649992963e-05,96
"219",3,0.265625,0.2734375,"equal",1597739093,5.07029426444205e-06,1.5298581274692e-05,96
"220",4,0.2734375,0.28125,"equal",1597640935,4.3067075239378e-06,1.2903582501167e-05,96
"221",5,0.28125,0.2890625,"equal",1597552251,3.56613259100413e-06,1.08107560663484e-05,96
"222",6,0.2890625,0.296875,"equal",1597472403,2.95967288366228e-06,8.97299560165266e-06,96
"223",7,0.296875,0.3046875,"equal",1597400921,2.46441936724295e-06,7.40461018722272e-06,96
"224",8,0.3046875,0.3125,"equal",1597337006,1.99775149667403e-06,5.9975977819704e-06,96
"225",9,0.3125,0.3203125,"equal",1597280485,1.60130468884745e-06,4.79826758237323e-06,96
"226",10,0.3203125,0.328125,"equal",1597230768,1.23742768209922e-06,3.82382222596789e-06,96
"227",11,0.328125,0.3359375,"equal",1597187479,9.49831076013652e-07,2.9363693556661e-06,96
"228",12,0.3359375,0.34375,"equal",1597150195,7.23226492027607e-07,2.21112077269936e-06,96
"229",13,0.34375,0.3515625,"equal",1597118668,5.11464463670563e-07,1.62565538630588e-06,96
"230",14,0.3515625,0.359375,"equal",1597092410,3.58115244125656e-07,1.1310903573758e-06,96
"231",15,0.359375,0.3671875,"equal",1597071496,2.28869183160896e-07,7.22360027793911e-07,96
"232",16,0.3671875,0.375,"equal",1597055302,1.34805077323108e-07,5.05677633100277e-07,96
"233",17,0.375,0.3828125,"equal",1597043251,7.11510494966205e-08,2.92180089900285e-07,96
"234",18,0.3828125,0.390625,"equal",1597036174,3.81905671531513e-08,1.49008741345824e-07,96
"235",19,0.390625,0.3984375,"equal",1597032871,3.18617559003087e-08,1.50047071656445e-07,96
"236",20,0.3984375,0.40625,"equal",1597035158,3.90610708222994e-08,1.51713038576418e-07,96
"237",21,0.40625,0.4140625,"equal",1597038617,4.73336925210788e-08,2.27974197741787e-07,96
"238",22,0.4140625,0.421875,"equal",1597046765,8.52933581541038e-08,3.0971000342106e-07,96
"239",23,0.421875,0.4296875,"equal",1597057982,1.39083368821957e-07,4.68852135782072e-07,96
"240",24,0.4296875,0.4375,"equal",1597072793,2.13088839018383e-07,7.0961613118925e-07,96
"241",25,0.4375,0.4453125,"equal",1597090535,2.99184165442057e-07,9.54585857471102e-07,96
"242",26,0.4453125,0.453125,"equal",1597111350,4.01709627340097e-07,1.2729490208585e-06,96
"243",27,0.453125,0.4609375,"equal",1597135037,5.14521730110573e-07,1.60509637225914e-06,96
"244",28,0.4609375,0.46875,"equal",1597161224,6.41833764802868e-07,1.95880556930206e-06,96
"245",29,0.46875,0.4765625,"equal",1597190228,7.70098552038689e-07,2.3670270365983e-06,96
"246",30,0.4765625,0.484375,"equal",1597221673,9.10509868390363e-07,2.79816845250025e-06,96
"247",31,0.484375,0.4921875,"equal",1597255504,1.07004075289296e-06,3.26165763908648e-06,96
"248",32,0.4921875,0.5,"equal",1597291603,1.21927814689116e-06,3.70890074918862e-06,96
"249",33,0.5,0.5078125,"equal",1597297034,6.14950749877607e-07,1.86888701136922e-06,96
"250",34,0.5078125,0.515625,"equal",1597272078,5.27722534116037e-07,1.62641129008989e-06,96
"251",35,0.515625,0.5234375,"equal",1597249109,4.49725433782078e-07,1.45522255934338e-06,96
"252",36,0.5234375,0.53125,"equal",1597227967,3.82303539936402e-07,1.20762013011699e-06,96
"253",37,0.53125,0.5390625,"equal",1597208968,3.17115592451955e-07,1.04272930911975e-06,96
"254",38,0.5390625,0.546875,"equal",1597191611,2.61633658737992e-07,8.75344881023921e-07,96
"255",39,0.546875,0.5546875,"equal",1597176124,2.16024588439723e-07,7.10267727299652e-07,96
"256",40,0.5546875,0.5625,"equal",1597162436,1.71467320342344e-07,6.21530205080489e-07,96
"257",41,0.5625,0.5703125,"equal",1597150320,1.35910326548583e-07,4.50127060958039e-07,96
"258",42,0.5703125,0.578125,"equal",1597139865,1.06516637288223e-07,3.62560626854247e-07,96
"259",43,0.578125,0.5859375,"equal",1597130798,7.95050709712086e-08,2.73751425083901e-07,96
"260",44,0.5859375,0.59375,"equal",1597123122,5.80103183267511e-08,2.73845955689467e-07,96
"261",45,0.59375,0.6015625,"equal",1597116973,4.49253896306345e-08,1.84916103762589e-07,96
"262",46,0.6015625,0.609375,"equal",1597112159,3.47823778668044e-08,1.85277812647655e-07,96
"263",47,0.609375,0.6171875,"equal",1597109037,3.05155154478598e-08,1.86258660050953e-07,96
"264",48,0.6171875,0.625,"equal",1597107474,2.69997606494599e-08,9.42420470551042e-08,96
"265",49,0.625,0.6328125,"equal",1597106415,2.39391422240942e-08,9.48296658975778e-08,96
"266",50,0.6328125,0.640625,"equal",1597107288,2.53048693110713e-08,9.54136325503896e-08,96
"267",51,0.640625,0.6484375,"equal",1597108689,2.9197577688933e-08,9.59939399081122e-08,96
"268",52,0.6484375,0.65625,"equal",1597111633,3.45676127722072e-08,1.92198484683104e-07,96
"269",53,0.65625,0.6640625,"equal",1597115786,4.7482899390161e-08,1.93505542256389e-07,96
"270",54,0.6640625,0.671875,"equal",1597120367,5.17655927012584e-08,1.95424263438326e-07,96
"271",55,0.671875,0.6796875,"equal",1597126216,6.26514591317573e-08,2.93194915457207e-07,96
"272",56,0.6796875,0.6875,"equal",1597133536,8.29997119922155e-08,2.96526877718861e-07,96
"273",57,0.6875,0.6953125,"equal",1597141360,9.85070585102221e-08,3.95455003854295e-07,96
"274",58,0.6953125,0.703125,"equal",1597150294,1.1993562054613e-07,3.99837375653078e-07,96
"275",59,0.703125,0.7109375,"equal",1597160448,1.46104937925884e-07,5.02547209180193e-07,96
"276",60,0.7109375,0.71875,"equal",1597171161,1.70862492154811e-07,6.03156195211341e-07,96
"277",61,0.71875,0.7265625,"equal",1597182817,1.95000538383283e-07,7.07465176219557e-07,96
"278",62,0.7265625,0.734375,"equal",1597195361,2.26284754489825e-07,7.15098167347605e-07,96
"279",63,0.734375,0.7421875,"equal",1597208932,2.5640994749665e-07,8.2158726399939e-07,96
"280",64,0.7421875,0.75,"equal",1597223194,2.89826402877225e-07,9.29140639982506e-07,96
"281",65,0.75,0.7578125,"equal",1597238244,3.24684521046947e-07,1.03774141280155e-06,96
"282",66,0.7578125,0.765625,"equal",1597254177,3.611463910147e-07,1.1473798622319e-06,96
"283",67,0.765625,0.7734375,"equal",1597270769,3.96656190559952e-07,1.25805411244073e-06,96
"284",68,0.7734375,0.78125,"equal",1597288092,4.33188375836835e-07,1.36975734221778e-06,96
"285",69,0.78125,0.7890625,"equal",1597306208,4.77922071695502e-07,1.48248295772646e-06,96
"286",70,0.7890625,0.796875,"equal",1597324862,5.20269679782359e-07,1.59623334639036e-06,96
"287",71,0.796875,0.8046875,"equal",1597344369,5.62318462016265e-07,1.71097224210826e-06,96
"288",72,0.8046875,0.8125,"equal",1597364489,5.9906409433097e-07,1.92487186723156e-06,96
"289",73,0.8125,0.8203125,"equal",1597385353,6.54503651276173e-07,2.04168463824317e-06,96
"290",74,0.8203125,0.828125,"equal",1597406785,6.96176073233801e-07,2.15949103221647e-06,96
"291",75,0.828125,0.8359375,"equal",1597428819,7.39286633688607e-07,2.28883982344996e-06,96
"292",76,0.8359375,0.84375,"equal",1597451423,7.86813700415223e-07,2.40901067627419e-06,96
"293",77,0.84375,0.8515625,"equal",1597474654,8.29095029075688e-07,2.53014945883479e-06,96
"294",78,0.8515625,0.859375,"equal",1597498612,8.85549638951488e-07,2.75022171081218e-06,96
"295",79,0.859375,0.8671875,"equal",1597523018,9.29093914692203e-07,2.87336911242164e-06,96
"296",80,0.8671875,0.875,"equal",1597547881,9.81788730314292e-07,3.01076420328172e-06,96
"297",81,0.875,0.8828125,"equal",1597573351,1.03326635780832e-06,3.13618306790886e-06,96
"298",82,0.8828125,0.890625,"equal",1597599431,1.09243592305575e-06,3.36027028424724e-06,96
"299",83,0.890625,0.8984375,"equal",1597626059,1.138586981142e-06,3.48768662661314e-06,96
"300",84,0.8984375,0.90625,"equal",1597653032,1.20624599730945e-06,3.63148296855798e-06,96
"301",85,0.90625,0.9140625,"equal",1597680569,1.25716155707778e-06,3.85846942663193e-06,96
"302",86,0.9140625,0.921875,"equal",1597708645,1.29867862597166e-06,3.98909423893201e-06,96
"303",87,0.921875,0.9296875,"equal",1597737110,1.36555422614038e-06,4.13789803133113e-06,96
"304",88,0.9296875,0.9375,"equal",1597766071,1.41379405249609e-06,4.27068152930588e-06,96
"305",89,0.9375,0.9453125,"equal",1597795587,1.48924902987346e-06,4.50161178378039e-06,96
"306",90,0.9453125,0.953125,"equal",1597825428,1.54489111992007e-06,4.65525681647705e-06,96
"307",91,0.953125,0.9609375,"equal",1597855673,1.57399108502432e-06,4.79116806673119e-06,96
"308",92,0.9609375,0.96875,"equal",1597886470,1.63990421242488e-06,5.02493867315934e-06,96
"309",93,0.96875,0.9765625,"equal",1597917705,1.71481053712341e-06,5.16271347805741e-06,96
"310",94,0.9765625,0.984375,"equal",1597949198,1.77225899733457e-06,5.32231661054539e-06,96
"311",95,0.984375,0.9921875,"equal",1597981271,1.80362906121445e-06,5.55895485376823e-06,96
"312",96,0.9921875,1,"equal",1598008314,1.37434915359336e-06,2.62250841842615e-06,96
"313",1,0.25,0.255859375,"equal",1597982114,4.04103820983437e-06,1.21803968795575e-05,128
"314",2,0.255859375,0.26171875,"equal",1597890434,3.60568174073705e-06,1.07944242699887e-05,128
"315",3,0.26171875,0.267578125,"equal",1597805227,3.16720002047077e-06,9.57486463448731e-06,128
"316",4,0.267578125,0.2734375,"equal",1597725881,2.75622210210713e-06,8.4776247604168e-06,128
"317",5,0.2734375,0.279296875,"equal",1597652305,2.47414368459431e-06,7.4340227911307e-06,128
"318",6,0.279296875,0.28515625,"equal",1597584078,2.1511621071113e-06,6.49309004074894e-06,128
"319",7,0.28515625,0.291015625,"equal",1597521012,1.89505601611017e-06,5.72338785786997e-06,128
"320",8,0.291015625,0.296875,"equal",1597462659,1.61751302130142e-06,4.95192034577485e-06,128
"321",9,0.296875,0.302734375,"equal",1597409044,1.41268219522317e-06,4.28701787313912e-06,128
"322",10,0.302734375,0.30859375,"equal",1597359706,1.22626454412966e-06,3.67320717487019e-06,128
"323",11,0.30859375,0.314453125,"equal",1597314803,1.02933756807033e-06,3.14185058414296e-06,128
"324",12,0.314453125,0.3203125,"equal",1597273631,8.64627281771391e-07,2.67395580522134e-06,128
"325",13,0.3203125,0.326171875,"equal",1597236281,7.22488209703442e-07,2.22669928007235e-06,128
"326",14,0.326171875,0.33203125,"equal",1597202693,6.04683862093225e-07,1.85464364221843e-06,128
"327",15,0.33203125,0.337890625,"equal",1597172483,4.89454180296889e-07,1.52443226397736e-06,128
"328",16,0.337890625,0.34375,"equal",1597145589,3.86682700082019e-07,1.24737425721833e-06,128
"329",17,0.34375,0.349609375,"equal",1597121896,3.08260325709853e-07,9.86760824162047e-07,128
"330",18,0.349609375,0.35546875,"equal",1597101264,2.3593028686264e-07,7.75538467223669e-07,128
"331",19,0.35546875,0.361328125,"equal",1597083744,1.75414442082911e-07,5.73258432723378e-07,128
"332",20,0.361328125,0.3671875,"equal",1597068927,1.26601648275937e-07,4.33413930522875e-07,128
"333",21,0.3671875,0.373046875,"equal",1597056809,8.81331061464152e-08,2.9124024081284e-07,128
"334",22,0.373046875,0.37890625,"equal",1597047204,6.03087002559732e-08,2.20138502982081e-07,128
"335",23,0.37890625,0.384765625,"equal",1597040455,4.29640962806843e-08,1.47889451795891e-07,128
"336",24,0.384765625,0.390625,"equal",1597034460,3.85035008321211e-08,1.48844193859077e-07,128
"337",25,0.390625,0.396484375,"equal",1597032768,3.3430335832918e-08,1.49782167113699e-07,128
"338",26,0.396484375,0.40234375,"equal",1597033799,3.03333038687015e-08,1.5097718630841e-07,128
"339",27,0.40234375,0.408203125,"equal",1597036429,4.28221511583615e-08,1.52079891790891e-07,128
"340",28,0.408203125,0.4140625,"equal",1597039381,4.00043127513072e-08,1.53412202053005e-07,128
"341",29,0.4140625,0.419921875,"equal",1597045515,5.44359188836552e-08,2.30327216854675e-07,128
"342",30,0.419921875,0.42578125,"equal",1597053216,7.20688788646839e-08,3.09075858240249e-07,128
"343",31,0.42578125,0.431640625,"equal",1597063074,9.74075362591975e-08,3.88988837585202e-07,128
"344",32,0.431640625,0.4375,"equal",1597074746,1.29079779753738e-07,4.70023877596759e-07,128
"345",33,0.4375,0.443359375,"equal",1597088046,1.66179717098203e-07,5.55620204067964e-07,128
"346",34,0.443359375,0.44921875,"equal",1597102960,2.07834034426924e-07,7.1441286308982e-07,128
"347",35,0.44921875,0.455078125,"equal",1597119655,2.52828129987392e-07,8.04177545887796e-07,128
"348",36,0.455078125,0.4609375,"equal",1597138027,2.99172683071447e-07,9.65149069998006e-07,128
"349",37,0.4609375,0.466796875,"equal",1597157773,3.47632266084474e-07,1.13318992589484e-06,128
"350",38,0.466796875,0.47265625,"equal",1597178894,4.02499466645168e-07,1.30323132907506e-06,128
"351",39,0.47265625,0.478515625,"equal",1597201599,4.68978214485105e-07,1.47527907756739e-06,128
"352",40,0.478515625,0.484375,"equal",1597225620,5.28472583027906e-07,1.64933385349286e-06,128
"353",41,0.484375,0.490234375,"equal",1597250992,5.95506151057634e-07,1.8362410401096e-06,128
"354",42,0.490234375,0.49609375,"equal",1597277598,6.6510608576209e-07,2.01512943931448e-06,128
"355",43,0.49609375,0.501953125,"equal",1597300882,3.53122118212923e-07,1.01161856491672e-06,128
"356",44,0.501953125,0.5078125,"equal",1597293573,3.38001314048597e-07,1.09811821857875e-06,128
"357",45,0.5078125,0.513671875,"equal",1597275064,3.04870269474122e-07,9.39821461543033e-07,128
"358",46,0.513671875,0.51953125,"equal",1597257437,2.71919844863078e-07,8.59241708894842e-07,128
"359",47,0.51953125,0.525390625,"equal",1597240741,2.42183858745193e-07,7.77653781369736e-07,128
"360",48,0.525390625,0.53125,"equal",1597225500,2.1361492485994e-07,6.95094911407068e-07,128
"361",49,0.53125,0.537109375,"equal",1597211125,1.87803649964735e-07,6.11556913554523e-07,128
"362",50,0.537109375,0.54296875,"equal",1597197904,1.63535830211003e-07,5.27045131093473e-07,128
"363",51,0.54296875,0.548828125,"equal",1597185549,1.39013351940775e-07,5.27098279690108e-07,128
"364",52,0.548828125,0.5546875,"equal",1597174197,1.20615268883739e-07,4.4169021862217e-07,128
"365",53,0.5546875,0.560546875,"equal",1597164032,1.05079024592669e-07,3.5700583111975e-07,128
"366",54,0.560546875,0.56640625,"equal",1597154321,8.86199345018213e-08,3.57118324245675e-07,128
"367",55,0.56640625,0.572265625,"equal",1597146061,7.53017914689735e-08,2.70538748736726e-07,128
"368",56,0.572265625,0.578125,"equal",1597138115,6.39537844904225e-08,2.70697114501672e-07,128
"369",57,0.578125,0.583984375,"equal",1597131789,5.39598268289865e-08,1.82196771447707e-07,128
"370",58,0.583984375,0.58984375,"equal",1597125666,4.46194832193214e-08,1.83105939299821e-07,128
"371",59,0.58984375,0.595703125,"equal",1597120291,4.06259736962511e-08,1.83984099066947e-07,128
"372",60,0.595703125,0.6015625,"equal",1597115782,3.84881815307381e-08,1.84357958232795e-07,128
"373",61,0.6015625,0.607421875,"equal",1597113071,3.14956061231442e-08,1.85081134418397e-07,128
"374",62,0.607421875,0.61328125,"equal",1597110340,2.91459514301096e-08,1.85937935270886e-07,128
"375",63,0.61328125,0.619140625,"equal",1597108697,2.7306761296586e-08,9.38003381634189e-08,128
"376",64,0.619140625,0.625,"equal",1597107279,2.5393481095648e-08,9.42430204986522e-08,128
"377",65,0.625,0.630859375,"equal",1597106411,2.44642386348914e-08,9.468273276525e-08,128
"378",66,0.630859375,0.63671875,"equal",1597107089,2.49294576093462e-08,9.5122310028728e-08,128
"379",67,0.63671875,0.642578125,"equal",1597107799,2.56083989569333e-08,9.55586045847667e-08,128
"380",68,0.642578125,0.6484375,"equal",1597109242,2.78984071400146e-08,9.59938191158471e-08,128
"381",69,0.6484375,0.654296875,"equal",1597110928,2.90761708043874e-08,9.64266888558996e-08,128
"382",70,0.654296875,0.66015625,"equal",1597113754,3.21571782535557e-08,1.92910476926045e-07,128
"383",71,0.66015625,0.666015625,"equal",1597117185,3.69334571814761e-08,1.93832477179967e-07,128
"384",72,0.666015625,0.671875,"equal",1597121467,4.66708200974608e-08,1.94856198731941e-07,128
"385",73,0.671875,0.677734375,"equal",1597125983,5.26602725869907e-08,1.9624964409104e-07,128
"386",74,0.677734375,0.68359375,"equal",1597130651,5.00453225527053e-08,1.9712034315944e-07,128
"387",75,0.68359375,0.689453125,"equal",1597136182,5.56164998499753e-08,1.97966542714312e-07,128
"388",76,0.689453125,0.6953125,"equal",1597142277,6.23915710207257e-08,2.96979465019831e-07,128
"389",77,0.6953125,0.701171875,"equal",1597149389,7.44009724940042e-08,2.98345327109928e-07,128
"390",78,0.701171875,0.70703125,"equal",1597156449,8.0530433876902e-08,3.00709530165477e-07,128
"391",79,0.70703125,0.712890625,"equal",1597164048,8.99179397606531e-08,3.01955253689812e-07,128
"392",80,0.712890625,0.71875,"equal",1597172530,1.02434221105341e-07,4.02664767307215e-07,128
"393",81,0.71875,0.724609375,"equal",1597181509,1.14849399324157e-07,4.05895292487912e-07,128
"394",82,0.724609375,0.73046875,"equal",1597190586,1.24361676512308e-07,4.07539261004786e-07,128
"395",83,0.73046875,0.736328125,"equal",1597200387,1.36823459229163e-07,5.09485232669249e-07,128
"396",84,0.736328125,0.7421875,"equal",1597210708,1.52051185864366e-07,5.13491613673978e-07,128
"397",85,0.7421875,0.748046875,"equal",1597221252,1.63341695724739e-07,6.16194995473052e-07,128
"398",86,0.748046875,0.75390625,"equal",1597232651,1.80076611400182e-07,6.18725493950478e-07,128
"399",87,0.75390625,0.759765625,"equal",1597244104,1.93637362144727e-07,6.23447817815759e-07,128
"400",88,0.759765625,0.765625,"equal",1597256178,2.07148914910249e-07,7.27414487755595e-07,128
"401",89,0.765625,0.771484375,"equal",1597268727,2.23534073029441e-07,7.32938872261002e-07,128
"402",90,0.771484375,0.77734375,"equal",1597281369,2.41468143258317e-07,8.37659570152027e-07,128
"403",91,0.77734375,0.783203125,"equal",1597294826,2.5898768285515e-07,8.43977090880799e-07,128
"404",92,0.783203125,0.7890625,"equal",1597308359,2.72933590395041e-07,8.4714105241801e-07,128
"405",93,0.7890625,0.794921875,"equal",1597322640,2.93493712888448e-07,9.53122651026206e-07,128
"406",94,0.794921875,0.80078125,"equal",1597336953,3.10171799355885e-07,9.60083525569644e-07,128
"407",95,0.80078125,0.806640625,"equal",1597351901,3.26364272495994e-07,1.06682250589074e-06,128
"408",96,0.806640625,0.8125,"equal",1597366994,3.46531209061141e-07,1.07453672626434e-06,128
"409",97,0.8125,0.818359375,"equal",1597382717,3.66322097988814e-07,1.18205230137391e-06,128
"410",98,0.818359375,0.82421875,"equal",1597398571,3.84702502742584e-07,1.190482862512e-06,128
"411",99,0.82421875,0.830078125,"equal",1597414946,4.02480026195917e-07,1.29877105337073e-06,128
"412",100,0.830078125,0.8359375,"equal",1597431590,4.23606877575367e-07,1.30790965613414e-06,128
"413",101,0.8359375,0.841796875,"equal",1597448595,4.42355997165578e-07,1.41695431921107e-06,128
"414",102,0.841796875,0.84765625,"equal",1597465862,4.65166152707752e-07,1.42679857617622e-06,128
"415",103,0.84765625,0.853515625,"equal",1597483634,4.92305105126434e-07,1.53661710555753e-06,128
"416",104,0.853515625,0.859375,"equal",1597501504,5.07643903802091e-07,1.54713779920712e-06,128
"417",105,0.859375,0.865234375,"equal",1597519938,5.2152455509713e-07,1.65772155469313e-06,128
"418",106,0.865234375,0.87109375,"equal",1597538438,5.50404081423039e-07,1.66891152275639e-06,128
"419",107,0.87109375,0.876953125,"equal",1597557454,5.65607933822321e-07,1.78614402557287e-06,128
"420",108,0.876953125,0.8828125,"equal",1597576531,5.84359554522962e-07,1.79210724127188e-06,128
"421",109,0.8828125,0.888671875,"equal",1597596236,6.19541310697969e-07,1.90420848866779e-06,128
"422",110,0.888671875,0.89453125,"equal",1597615916,6.39985785255703e-07,2.02281216843403e-06,128
"423",111,0.89453125,0.900390625,"equal",1597636097,6.66536095650372e-07,2.03608601623273e-06,128
"424",112,0.900390625,0.90625,"equal",1597656399,6.73610941248626e-07,2.14923056773841e-06,128
"425",113,0.90625,0.912109375,"equal",1597677126,6.99100780821027e-07,2.16314583667554e-06,128
"426",114,0.912109375,0.91796875,"equal",1597698051,7.33393846985564e-07,2.2770368559577e-06,128
"427",115,0.91796875,0.923828125,"equal",1597719274,7.54747020437208e-07,2.291578311997e-06,128
"428",116,0.923828125,0.9296875,"equal",1597740686,7.73858289448981e-07,2.40619374380913e-06,128
"429",117,0.9296875,0.935546875,"equal",1597762409,7.91782440501265e-07,2.42137002715026e-06,128
"430",118,0.935546875,0.94140625,"equal",1597784495,8.21204935164133e-07,2.53675648309581e-06,128
"431",119,0.94140625,0.947265625,"equal",1597806694,8.40548921132722e-07,2.55250802183582e-06,128
"432",120,0.947265625,0.953125,"equal",1597829162,8.64556227497815e-07,2.67677228293906e-06,128
"433",121,0.953125,0.958984375,"equal",1597851931,8.87089584011846e-07,2.68499411504308e-06,128
"434",122,0.958984375,0.96484375,"equal",1597874959,9.26041650473053e-07,2.8018225748383e-06,128
"435",123,0.96484375,0.970703125,"equal",1597898103,9.32414423004957e-07,2.92738150164951e-06,128
"436",124,0.970703125,0.9765625,"equal",1597921567,9.57288648351096e-07,2.94508049591968e-06,128
"437",125,0.9765625,0.982421875,"equal",1597945207,9.93767685031344e-07,3.06291235574463e-06,128
"438",126,0.982421875,0.98828125,"equal",1597969063,1.01809177976975e-06,3.08122298520175e-06,128
"439",127,0.98828125,0.994140625,"equal",1597993310,1.03040747490013e-06,3.19977061735699e-06,128
"440",128,0.994140625,1,"equal",1598013858,7.67810547586123e-07,1.54964322973683e-06,128
"441",1,0.25,0.25390625,"equal",1597997688,1.84102862021973e-06,5.58629517399822e-06,192
"442",2,0.25390625,0.2578125,"equal",1597935192,1.70206863003841e-06,5.16594354849076e-06,192
"443",3,0.2578125,0.26171875,"equal",1597875563,1.57468264205818e-06,4.75686465506442e-06,192
"444",4,0.26171875,0.265625,"equal",1597818689,1.45218996294716e-06,4.39098221249878e-06,192
"445",5,0.265625,0.26953125,"equal",1597764555,1.31004765080434e-06,4.05503078582115e-06,192
"446",6,0.26953125,0.2734375,"equal",1597712910,1.21902382943517e-06,3.74014553017332e-06,192
"447",7,0.2734375,0.27734375,"equal",1597663831,1.10851419776736e-06,3.42862085744855e-06,192
"448",8,0.27734375,0.28125,"equal",1597617253,1.02284400327335e-06,3.16100204145187e-06,192
"449",9,0.28125,0.28515625,"equal",1597572953,9.45994258927385e-07,2.86459544440731e-06,192
"450",10,0.28515625,0.2890625,"equal",1597530926,8.42946008106082e-07,2.62778416981746e-06,192
"451",11,0.2890625,0.29296875,"equal",1597490995,7.82079325745144e-07,2.43552699430438e-06,192
"452",12,0.29296875,0.296875,"equal",1597453118,7.01768783528678e-07,2.19394860323519e-06,192
"453",13,0.296875,0.30078125,"equal",1597417421,6.47595754799113e-07,2.01358056983736e-06,192
"454",14,0.30078125,0.3046875,"equal",1597383674,5.8356027921036e-07,1.83063662007044e-06,192
"455",15,0.3046875,0.30859375,"equal",1597351675,5.2225209401513e-07,1.64511334332929e-06,192
"456",16,0.30859375,0.3125,"equal",1597321614,4.71936090207237e-07,1.46607715123537e-06,192
"457",17,0.3125,0.31640625,"equal",1597293475,4.27369172939507e-07,1.34108688598644e-06,192
"458",18,0.31640625,0.3203125,"equal",1597266724,3.8118241718621e-07,1.20709080420056e-06,192
"459",19,0.3203125,0.32421875,"equal",1597241959,3.3646179531388e-07,1.07961318462912e-06,192
"460",20,0.32421875,0.328125,"equal",1597218771,2.9569665116469e-07,9.55983978201402e-07,192
"461",21,0.328125,0.33203125,"equal",1597197276,2.61614189867032e-07,8.24290566470154e-07,192
"462",22,0.33203125,0.3359375,"equal",1597177006,2.2778593233852e-07,7.59979116082832e-07,192
"463",23,0.3359375,0.33984375,"equal",1597158469,1.98839032350406e-07,6.90959950588876e-07,192
"464",24,0.33984375,0.34375,"equal",1597141427,1.73739692854724e-07,5.59140005407244e-07,192
"465",25,0.34375,0.34765625,"equal",1597125519,1.47444922049544e-07,4.92019012199307e-07,192
"466",26,0.34765625,0.3515625,"equal",1597111117,1.25310293697112e-07,4.24090444539615e-07,192
"467",27,0.3515625,0.35546875,"equal",1597098248,1.06347229689163e-07,4.24098345774837e-07,192
"468",28,0.35546875,0.359375,"equal",1597086187,8.89794193881244e-08,3.55454460532201e-07,192
"469",29,0.359375,0.36328125,"equal",1597075520,7.45862394069263e-08,2.87391799247416e-07,192
"470",30,0.36328125,0.3671875,"equal",1597066709,6.25547684762751e-08,2.87416781930006e-07,192
"471",31,0.3671875,0.37109375,"equal",1597058105,5.19242213670168e-08,2.17849191130881e-07,192
"472",32,0.37109375,0.375,"equal",1597051547,4.41234888626241e-08,2.17933177282248e-07,192
"473",33,0.375,0.37890625,"equal",1597045740,3.94909882572847e-08,1.46757486163551e-07,192
"474",34,0.37890625,0.3828125,"equal",1597040604,3.6977358064405e-08,1.47507705605676e-07,192
"475",35,0.3828125,0.38671875,"equal",1597036720,3.60345993044575e-08,1.48165923974375e-07,192
"476",36,0.38671875,0.390625,"equal",1597034439,3.38333698834958e-08,1.48854795156694e-07,192
"477",37,0.390625,0.39453125,"equal",1597033290,3.11317442935888e-08,1.49610357880192e-07,192
"478",38,0.39453125,0.3984375,"equal",1597032666,2.83501542241993e-08,1.50327636561087e-07,192
"479",39,0.3984375,0.40234375,"equal",1597034082,3.03615941277258e-08,1.51018511473922e-07,192
"480",40,0.40234375,0.40625,"equal",1597035414,3.21394963975763e-08,1.5184691903869e-07,192
"481",41,0.40625,0.41015625,"equal",1597038216,4.25477892918025e-08,1.52531711705706e-07,192
"482",42,0.41015625,0.4140625,"equal",1597040408,3.49244864139564e-08,1.53401742863934e-07,192
"483",43,0.4140625,0.41796875,"equal",1597044539,3.89774257314457e-08,1.54130049168089e-07,192
"484",44,0.41796875,0.421875,"equal",1597048961,4.03452133923565e-08,1.54856152789762e-07,192
"485",45,0.421875,0.42578125,"equal",1597054597,4.53051818283257e-08,2.32293899671276e-07,192
"486",46,0.42578125,0.4296875,"equal",1597061536,5.49857723797231e-08,2.33504550806174e-07,192
"487",47,0.4296875,0.43359375,"equal",1597068803,6.1214038282742e-08,2.35486126598516e-07,192
"488",48,0.43359375,0.4375,"equal",1597076620,6.75851765663538e-08,2.36548117982238e-07,192
"489",49,0.4375,0.44140625,"equal",1597085701,7.98622039610564e-08,3.15479837809107e-07,192
"490",50,0.44140625,0.4453125,"equal",1597095273,9.01836969546821e-08,3.18198999593733e-07,192
"491",51,0.4453125,0.44921875,"equal",1597105794,1.03609686163963e-07,3.97818325836852e-07,192
"492",52,0.44921875,0.453125,"equal",1597116871,1.14634254089196e-07,4.01218386514302e-07,192
"493",53,0.453125,0.45703125,"equal",1597128564,1.27934342231129e-07,4.81493827919621e-07,192
"494",54,0.45703125,0.4609375,"equal",1597141169,1.41649834972668e-07,4.85599798594194e-07,192
"495",55,0.4609375,0.46484375,"equal",1597154204,1.58410401240872e-07,5.66576204619196e-07,192
"496",56,0.46484375,0.46875,"equal",1597168091,1.73380911405729e-07,5.71313080399705e-07,192
"497",57,0.46875,0.47265625,"equal",1597182627,1.90751634931985e-07,6.53013046303386e-07,192
"498",58,0.47265625,0.4765625,"equal",1597197544,2.04607573550675e-07,6.58353201288264e-07,192
"499",59,0.4765625,0.48046875,"equal",1597213472,2.26598430685954e-07,7.43667158076278e-07,192
"500",60,0.48046875,0.484375,"equal",1597229660,2.45066217985368e-07,8.26317489099893e-07,192
"501",61,0.484375,0.48828125,"equal",1597246601,2.63076486817226e-07,8.3299744346732e-07,192
"502",62,0.48828125,0.4921875,"equal",1597264265,2.79254038559884e-07,9.1640197297238e-07,192
"503",63,0.4921875,0.49609375,"equal",1597282144,3.00326973956544e-07,1.00360364285734e-06,192
"504",64,0.49609375,0.5,"equal",1597300878,3.21041568440705e-07,1.00766715149803e-06,192
"505",65,0.5,0.50390625,"equal",1597303567,1.63233565331211e-07,5.07733830090729e-07,192
"506",66,0.50390625,0.5078125,"equal",1597290487,1.52751880477808e-07,5.09696405970317e-07,192
"507",67,0.5078125,0.51171875,"equal",1597277769,1.44634583421066e-07,5.09789288116735e-07,192
"508",68,0.51171875,0.515625,"equal",1597266097,1.32752461468044e-07,4.28003119168352e-07,192
"509",69,0.515625,0.51953125,"equal",1597254426,1.22533194257812e-07,4.29619689157335e-07,192
"510",70,0.51953125,0.5234375,"equal",1597243346,1.12814142028128e-07,4.29701657367332e-07,192
"511",71,0.5234375,0.52734375,"equal",1597233103,1.07424824591362e-07,4.31236713893668e-07,192
"512",72,0.52734375,0.53125,"equal",1597222930,9.79103376153034e-08,3.47550354717896e-07,192
"513",73,0.53125,0.53515625,"equal",1597213222,9.17419953339049e-08,3.47683851487091e-07,192
"514",74,0.53515625,0.5390625,"equal",1597204377,8.46454142333641e-08,3.48864290344864e-07,192
"515",75,0.5390625,0.54296875,"equal",1597195855,7.73178641111372e-08,2.63522451859899e-07,192
"516",76,0.54296875,0.546875,"equal",1597187529,7.10824181737735e-08,2.64469264266154e-07,192
"517",77,0.546875,0.55078125,"equal",1597179566,6.65408563804704e-08,2.6541053443907e-07,192
"518",78,0.55078125,0.5546875,"equal",1597172236,6.135147856412e-08,2.65520640141403e-07,192
"519",79,0.5546875,0.55859375,"equal",1597165549,5.53404255754231e-08,2.66402423676482e-07,192
"520",80,0.55859375,0.5625,"equal",1597159276,5.11330320307479e-08,1.78813920115317e-07,192
"521",81,0.5625,0.56640625,"equal",1597153119,4.72804693174567e-08,1.79433385483208e-07,192
"522",82,0.56640625,0.5703125,"equal",1597147193,4.49281465364493e-08,1.80050051312719e-07,192
"523",83,0.5703125,0.57421875,"equal",1597141829,4.21351593615782e-08,1.80659469606326e-07,192
"524",84,0.57421875,0.578125,"equal",1597136746,4.17276986297566e-08,1.81240380925374e-07,192
"525",85,0.578125,0.58203125,"equal",1597132272,3.82592091341394e-08,1.81581455649393e-07,192
"526",86,0.58203125,0.5859375,"equal",1597128319,3.51225430961222e-08,1.82078693455878e-07,192
"527",87,0.5859375,0.58984375,"equal",1597124169,3.77460835920829e-08,1.8272555735166e-07,192
"528",88,0.58984375,0.59375,"equal",1597121350,3.21572954931071e-08,1.833035838672e-07,192
"529",89,0.59375,0.59765625,"equal",1597118621,3.0844759635329e-08,1.83780500151443e-07,192
"530",90,0.59765625,0.6015625,"equal",1597115493,3.16755155438386e-08,1.84429339356029e-07,192
"531",91,0.6015625,0.60546875,"equal",1597113532,2.88064185838266e-08,9.27589738353163e-08,192
"532",92,0.60546875,0.609375,"equal",1597112060,2.85878254402405e-08,9.30577144231393e-08,192
"533",93,0.609375,0.61328125,"equal",1597110380,2.61984496319201e-08,9.33553252480124e-08,192
"534",94,0.61328125,0.6171875,"equal",1597108775,2.57770587097639e-08,9.36523179007054e-08,192
"535",95,0.6171875,0.62109375,"equal",1597107500,2.68708522099814e-08,9.39480599981835e-08,192
"536",96,0.62109375,0.625,"equal",1597107337,2.49431941767853e-08,9.42431270800625e-08,192
"537",97,0.625,0.62890625,"equal",1597106772,2.43931292942534e-08,9.45360767445891e-08,192
"538",98,0.62890625,0.6328125,"equal",1597106882,2.33429009455222e-08,9.4830227226339e-08,192
"539",99,0.6328125,0.63671875,"equal",1597106962,2.49959359877039e-08,9.51224379264204e-08,192
"540",100,0.63671875,0.640625,"equal",1597107843,2.66125912418147e-08,9.54137959752188e-08,192
"541",101,0.640625,0.64453125,"equal",1597108175,2.427956147244e-08,9.57043795324353e-08,192
"542",102,0.64453125,0.6484375,"equal",1597109541,2.60259831463827e-08,9.59939541189669e-08,192
"543",103,0.6484375,0.65234375,"equal",1597110646,2.66112731850399e-08,9.62824273642582e-08,192
"544",104,0.65234375,0.65625,"equal",1597112032,2.87712609292612e-08,9.65703677024976e-08,192
"545",105,0.65625,0.66015625,"equal",1597114227,2.8967381382472e-08,9.68573630188985e-08,192
"546",106,0.66015625,0.6640625,"equal",1597116380,2.97745383903703e-08,9.71433564700419e-08,192
"547",107,0.6640625,0.66796875,"equal",1597118816,3.00354052740204e-08,9.74289733335354e-08,192
"548",108,0.66796875,0.671875,"equal",1597121744,3.16740838002261e-08,1.94885402038381e-07,192
"549",109,0.671875,0.67578125,"equal",1597124724,3.23936681922987e-08,1.95482655840351e-07,192
"550",110,0.67578125,0.6796875,"equal",1597128026,3.43426691529203e-08,1.96036893385099e-07,192
"551",111,0.6796875,0.68359375,"equal",1597131706,3.77178359656227e-08,1.96665240537186e-07,192
"552",112,0.68359375,0.6875,"equal",1597135556,4.1261394301273e-08,1.97222334463731e-07,192
"553",113,0.6875,0.69140625,"equal",1597139610,4.40176677329873e-08,1.97816632407921e-07,192
"554",114,0.69140625,0.6953125,"equal",1597144183,5.29648644942426e-08,1.98434761955468e-07,192
"555",115,0.6953125,0.69921875,"equal",1597148634,5.3229744167993e-08,1.9929443340061e-07,192
"556",116,0.69921875,0.703125,"equal",1597153275,5.30944248566811e-08,1.99901222686094e-07,192
"557",117,0.703125,0.70703125,"equal",1597158057,5.19674543397741e-08,2.00461187205292e-07,192
"558",118,0.70703125,0.7109375,"equal",1597163150,5.25365457804128e-08,2.01025457613468e-07,192
"559",119,0.7109375,0.71484375,"equal",1597168375,5.23430365717559e-08,2.01578799874369e-07,192
"560",120,0.71484375,0.71875,"equal",1597174108,5.68796281186223e-08,2.02128305204496e-07,192
"561",121,0.71875,0.72265625,"equal",1597179883,5.85387098794854e-08,2.02677227889581e-07,192
"562",122,0.72265625,0.7265625,"equal",1597185849,5.95014029158847e-08,2.03224672645774e-07,192
"563",123,0.7265625,0.73046875,"equal",1597192051,6.27216749649051e-08,2.03770213147436e-07,192
"564",124,0.73046875,0.734375,"equal",1597198811,6.90677879333634e-08,3.05696943314615e-07,192
"565",125,0.734375,0.73828125,"equal",1597205523,7.01701026173396e-08,3.06523247672885e-07,192
"566",126,0.73828125,0.7421875,"equal",1597212587,7.5295005785847e-08,3.07358618556464e-07,192
"567",127,0.7421875,0.74609375,"equal",1597219810,8.18349121800566e-08,3.08190038822431e-07,192
"568",128,0.74609375,0.75,"equal",1597226986,8.20825647451784e-08,3.09710088686188e-07,192
"569",129,0.75,0.75390625,"equal",1597234633,8.88272566612613e-08,3.10519254753672e-07,192
"570",130,0.75390625,0.7578125,"equal",1597242061,8.93479921160178e-08,3.11323077539782e-07,192
"571",131,0.7578125,0.76171875,"equal",1597250036,9.51213081634705e-08,3.12124797119395e-07,192
"572",132,0.76171875,0.765625,"equal",1597258142,1.00211011044848e-07,4.16176305861882e-07,192
"573",133,0.765625,0.76953125,"equal",1597266605,1.05539761818818e-07,4.17275572317521e-07,192
"574",134,0.76953125,0.7734375,"equal",1597275202,1.10999884839202e-07,4.18358126808016e-07,192
"575",135,0.7734375,0.77734375,"equal",1597283874,1.14865187583746e-07,4.19436162246711e-07,192
"576",136,0.77734375,0.78125,"equal",1597292708,1.19884973059925e-07,4.21464505961922e-07,192
"577",137,0.78125,0.78515625,"equal",1597301667,1.23347390967865e-07,4.22519832454782e-07,192
"578",138,0.78515625,0.7890625,"equal",1597310781,1.27337457911381e-07,4.23568678797892e-07,192
"579",139,0.7890625,0.79296875,"equal",1597320097,1.3343429827728e-07,4.24617667249549e-07,192
"580",140,0.79296875,0.796875,"equal",1597329645,1.37666049226937e-07,5.30782870100666e-07,192
"581",141,0.796875,0.80078125,"equal",1597339506,1.43802068919285e-07,5.32116871454491e-07,192
"582",142,0.80078125,0.8046875,"equal",1597349488,1.48654564213757e-07,5.33447519046604e-07,192
"583",143,0.8046875,0.80859375,"equal",1597359582,1.58275440753641e-07,5.35963636139059e-07,192
"584",144,0.80859375,0.8125,"equal",1597369749,1.59044972747324e-07,5.37266600986186e-07,192
"585",145,0.8125,0.81640625,"equal",1597380098,1.63799398933406e-07,5.38558424523217e-07,192
"586",146,0.81640625,0.8203125,"equal",1597390545,1.7043063849087e-07,5.39845757430157e-07,192
"587",147,0.8203125,0.82421875,"equal",1597401298,1.73476593090527e-07,6.47828585442767e-07,192
"588",148,0.82421875,0.828125,"equal",1597412191,1.80784667236367e-07,6.49388539386564e-07,192
"589",149,0.828125,0.83203125,"equal",1597423451,1.89544948625553e-07,6.50966626380978e-07,192
"590",150,0.83203125,0.8359375,"equal",1597434544,1.94276324805287e-07,6.53950792184332e-07,192
"591",151,0.8359375,0.83984375,"equal",1597445740,1.98662291950313e-07,6.55477094824164e-07,192
"592",152,0.83984375,0.84375,"equal",1597457164,2.06749930953265e-07,6.57003454307414e-07,192
"593",153,0.84375,0.84765625,"equal",1597468775,2.06992240237014e-07,6.58522765206726e-07,192
"594",154,0.84765625,0.8515625,"equal",1597480619,2.16399527630529e-07,7.68292750308319e-07,192
"595",155,0.8515625,0.85546875,"equal",1597492646,2.2350842243668e-07,7.70087751789106e-07,192
"596",156,0.85546875,0.859375,"equal",1597504735,2.27583782930196e-07,7.71870247717743e-07,192
"597",157,0.859375,0.86328125,"equal",1597516909,2.38228551552311e-07,7.75315641021734e-07,192
"598",158,0.86328125,0.8671875,"equal",1597529071,2.42258039406806e-07,7.77077104885393e-07,192
"599",159,0.8671875,0.87109375,"equal",1597541603,2.45246582153413e-07,7.78826063196902e-07,192
"600",160,0.87109375,0.875,"equal",1597554159,2.55220470535278e-07,8.90089609129063e-07,192
"601",161,0.875,0.87890625,"equal",1597566930,2.60331489698729e-07,8.92091122750571e-07,192
"602",162,0.87890625,0.8828125,"equal",1597579964,2.6361621507931e-07,8.94119978056551e-07,192
"603",163,0.8828125,0.88671875,"equal",1597592994,2.74963781521365e-07,8.96126380212081e-07,192
"604",164,0.88671875,0.890625,"equal",1597606017,2.77956957006609e-07,9.00009410997882e-07,192
"605",165,0.890625,0.89453125,"equal",1597619238,2.82154047681615e-07,9.01980854450812e-07,192
"606",166,0.89453125,0.8984375,"equal",1597632628,2.97094032930545e-07,9.03949057828868e-07,192
"607",167,0.8984375,0.90234375,"equal",1597646231,2.98444348345583e-07,1.01696605270263e-06,192
"608",168,0.90234375,0.90625,"equal",1597659910,3.05901068031744e-07,1.01918362815923e-06,192
"609",169,0.90625,0.91015625,"equal",1597673752,3.11216581394547e-07,1.02353112652054e-06,192
"610",170,0.91015625,0.9140625,"equal",1597687619,3.18987758873845e-07,1.02574233551422e-06,192
"611",171,0.9140625,0.91796875,"equal",1597701530,3.27960009371964e-07,1.02793558198755e-06,192
"612",172,0.91796875,0.921875,"equal",1597715647,3.36592648864098e-07,1.03012143881642e-06,192
"613",173,0.921875,0.92578125,"equal",1597729895,3.38938633603902e-07,1.14458293865027e-06,192
"614",174,0.92578125,0.9296875,"equal",1597744376,3.43794710033762e-07,1.14702493192453e-06,192
"615",175,0.9296875,0.93359375,"equal",1597758847,3.49300961488552e-07,1.14945953555434e-06,192
"616",176,0.93359375,0.9375,"equal",1597773498,3.67085192465311e-07,1.15423620172805e-06,192
"617",177,0.9375,0.94140625,"equal",1597788011,3.68028167940793e-07,1.15663965516433e-06,192
"618",178,0.94140625,0.9453125,"equal",1597802867,3.75834417809529e-07,1.15903810637974e-06,192
"619",179,0.9453125,0.94921875,"equal",1597817846,3.88237538118119e-07,1.27494490698155e-06,192
"620",180,0.94921875,0.953125,"equal",1597832907,3.86654846806778e-07,1.27758039525361e-06,192
"621",181,0.953125,0.95703125,"equal",1597848169,4.04056748948278e-07,1.28024487366929e-06,192
"622",182,0.95703125,0.9609375,"equal",1597863457,4.03805330506657e-07,1.28287524603365e-06,192
"623",183,0.9609375,0.96484375,"equal",1597878831,4.11943148037608e-07,1.28803890220297e-06,192
"624",184,0.96484375,0.96875,"equal",1597894249,4.17103706240596e-07,1.29064972043125e-06,192
"625",185,0.96875,0.97265625,"equal",1597909772,4.2560714064166e-07,1.40798420034116e-06,192
"626",186,0.97265625,0.9765625,"equal",1597925537,4.29065636353698e-07,1.41083819471532e-06,192
"627",187,0.9765625,0.98046875,"equal",1597941358,4.46039450707758e-07,1.41368786898965e-06,192
"628",188,0.98046875,0.984375,"equal",1597957256,4.45171025376112e-07,1.41652287766192e-06,192
"629",189,0.984375,0.98828125,"equal",1597973250,4.5454049768523e-07,1.42208523357112e-06,192
"630",190,0.98828125,0.9921875,"equal",1597989297,4.62981148530162e-07,1.42491217047791e-06,192
"631",191,0.9921875,0.99609375,"equal",1598005319,4.63839086251028e-07,1.42771466471459e-06,192
"632",192,0.99609375,1,"equal",1598019291,3.45269739909781e-07,7.15237604254071e-07,192
"633",1,0.25,0.2529296875,"equal",1598005604,1.04186847238452e-06,3.21867719321745e-06,256
"634",2,0.2529296875,0.255859375,"equal",1597958185,9.89208956525545e-07,3.01494787890988e-06,256
"635",3,0.255859375,0.2587890625,"equal",1597912342,9.23532127217186e-07,2.85021519630391e-06,256
"636",4,0.2587890625,0.26171875,"equal",1597868128,8.71657732659514e-07,2.68334702013817e-06,256
"637",5,0.26171875,0.2646484375,"equal",1597825468,8.23704510821699e-07,2.56140424426121e-06,256
"638",6,0.2646484375,0.267578125,"equal",1597784403,7.81950518558006e-07,2.39177188632311e-06,256
"639",7,0.267578125,0.2705078125,"equal",1597744831,7.33672038677469e-07,2.23203664972971e-06,256
"640",8,0.2705078125,0.2734375,"equal",1597706592,6.91690956955426e-07,2.11941596717224e-06,256
"641",9,0.2734375,0.2763671875,"equal",1597669699,6.45893351247651e-07,2.00539216166362e-06,256
"642",10,0.2763671875,0.279296875,"equal",1597634273,5.97889709297306e-07,1.88013598290127e-06,256
"643",11,0.279296875,0.2822265625,"equal",1597600225,5.60950411454542e-07,1.76407900198683e-06,256
"644",12,0.2822265625,0.28515625,"equal",1597567362,5.24889628650271e-07,1.64665584634349e-06,256
"645",13,0.28515625,0.2880859375,"equal",1597536039,4.91162779781007e-07,1.53561177285155e-06,256
"646",14,0.2880859375,0.291015625,"equal",1597505667,4.59873291447366e-07,1.41478540172102e-06,256
"647",15,0.291015625,0.2939453125,"equal",1597476380,4.34887340361456e-07,1.35725315431046e-06,256
"648",16,0.2939453125,0.296875,"equal",1597448451,4.0056681882561e-07,1.29264856241207e-06,256
"649",17,0.296875,0.2998046875,"equal",1597421738,3.67001092627106e-07,1.17489764761558e-06,256
"650",18,0.2998046875,0.302734375,"equal",1597395963,3.45500382081809e-07,1.10971313915798e-06,256
"651",19,0.302734375,0.3056640625,"equal",1597371391,3.19634040124583e-07,1.04944899703696e-06,256
"652",20,0.3056640625,0.30859375,"equal",1597347863,2.96527048249118e-07,9.27110818338406e-07,256
"653",21,0.30859375,0.3115234375,"equal",1597325317,2.7151358494848e-07,8.64963340063696e-07,256
"654",22,0.3115234375,0.314453125,"equal",1597303944,2.52236020514829e-07,8.02175065928168e-07,256
"655",23,0.314453125,0.3173828125,"equal",1597283307,2.32176333270218e-07,7.38744802220026e-07,256
"656",24,0.3173828125,0.3203125,"equal",1597263671,2.14470546211487e-07,7.38748781259346e-07,256
"657",25,0.3203125,0.3232421875,"equal",1597244990,1.96629727611253e-07,6.74728823923942e-07,256
"658",26,0.3232421875,0.326171875,"equal",1597227096,1.77791108058045e-07,6.12717599324242e-07,256
"659",27,0.326171875,0.3291015625,"equal",1597210455,1.64241342304194e-07,5.47092724900722e-07,256
"660",28,0.3291015625,0.33203125,"equal",1597194595,1.47846918707728e-07,5.47100512449106e-07,256
"661",29,0.33203125,0.3349609375,"equal",1597179281,1.34760099967934e-07,4.80912376588094e-07,256
"662",30,0.3349609375,0.337890625,"equal",1597165200,1.23936615636921e-07,4.15765839534288e-07,256
"663",31,0.337890625,0.3408203125,"equal",1597151656,1.11707329608635e-07,4.15831465261363e-07,256
"664",32,0.3408203125,0.34375,"equal",1597139426,1.00929128166172e-07,3.49462538906664e-07,256
"665",33,0.34375,0.3466796875,"equal",1597127073,9.13115059120173e-08,3.49561304346935e-07,256
"666",34,0.3466796875,0.349609375,"equal",1597116439,8.11287250712667e-08,2.81942647006872e-07,256
"667",35,0.349609375,0.3525390625,"equal",1597105989,7.26390680938493e-08,2.83115468846518e-07,256
"668",36,0.3525390625,0.35546875,"equal",1597096407,6.60187424728065e-08,2.83170834336488e-07,256
"669",37,0.35546875,0.3583984375,"equal",1597087657,5.79033248016003e-08,2.14098790252137e-07,256
"670",38,0.3583984375,0.361328125,"equal",1597079501,5.33583666140203e-08,2.14970739875753e-07,256
"671",39,0.361328125,0.3642578125,"equal",1597071706,4.92069922586325e-08,2.15112635260084e-07,256
"672",40,0.3642578125,0.3671875,"equal",1597065433,4.49587567175058e-08,2.15900811895153e-07,256
"673",41,0.3671875,0.3701171875,"equal",1597059636,4.11980281000979e-08,1.4504730927456e-07,256
"674",42,0.3701171875,0.373046875,"equal",1597053944,3.85837530814115e-08,1.45618628266675e-07,256
"675",43,0.373046875,0.3759765625,"equal",1597048619,3.79518247939359e-08,1.4618798616084e-07,256
"676",44,0.3759765625,0.37890625,"equal",1597044634,3.61873340182228e-08,1.46750736007561e-07,256
"677",45,0.37890625,0.3818359375,"equal",1597040788,3.63504213396482e-08,1.47174091580382e-07,256
"678",46,0.3818359375,0.384765625,"equal",1597037598,3.81985074682234e-08,1.47805934602729e-07,256
"679",47,0.384765625,0.3876953125,"equal",1597035887,3.50177806751617e-08,1.48373558772619e-07,256
"680",48,0.3876953125,0.390625,"equal",1597034602,3.169602891262e-08,1.48919212961118e-07,256
"681",49,0.390625,0.3935546875,"equal",1597033468,3.05502396713564e-08,1.49480769096044e-07,256
"682",50,0.3935546875,0.396484375,"equal",1597033057,2.92762898368437e-08,1.49980166952446e-07,256
"683",51,0.396484375,0.3994140625,"equal",1597032732,2.83616792273733e-08,1.50603185034015e-07,256
"684",52,0.3994140625,0.40234375,"equal",1597033427,2.86675874150433e-08,1.51060476127896e-07,256
"685",53,0.40234375,0.4052734375,"equal",1597034629,2.90309110084763e-08,1.51653495095161e-07,256
"686",54,0.4052734375,0.408203125,"equal",1597036549,3.11338084202362e-08,1.5220116722503e-07,256
"687",55,0.408203125,0.4111328125,"equal",1597038977,3.58794025601128e-08,1.52754154214563e-07,256
"688",56,0.4111328125,0.4140625,"equal",1597041679,4.08197031731561e-08,1.53294180904595e-07,256
"689",57,0.4140625,0.4169921875,"equal",1597044107,3.57814613494156e-08,1.53947823378076e-07,256
"690",58,0.4169921875,0.419921875,"equal",1597047602,3.7934182017807e-08,1.54493065451788e-07,256
"691",59,0.419921875,0.4228515625,"equal",1597051638,4.06466327262933e-08,1.55026242509848e-07,256
"692",60,0.4228515625,0.42578125,"equal",1597055911,4.04751254734492e-08,1.55566908688343e-07,256
"693",61,0.42578125,0.4287109375,"equal",1597060622,4.19965466846861e-08,1.56105485871194e-07,256
"694",62,0.4287109375,0.431640625,"equal",1597065710,4.25350386024093e-08,1.5663810870592e-07,256
"695",63,0.431640625,0.4345703125,"equal",1597071333,4.40906084975268e-08,1.57169850467653e-07,256
"696",64,0.4345703125,0.4375,"equal",1597077931,4.9288846781792e-08,2.3581850427945e-07,256
"697",65,0.4375,0.4404296875,"equal",1597084650,5.31642996293158e-08,2.36624870808555e-07,256
"698",66,0.4404296875,0.443359375,"equal",1597091790,5.73457583641357e-08,2.37434790051338e-07,256
"699",67,0.443359375,0.4462890625,"equal",1597099264,6.02862897380874e-08,2.38905670357781e-07,256
"700",68,0.4462890625,0.44921875,"equal",1597106939,6.5295019169298e-08,2.39694202264218e-07,256
"701",69,0.44921875,0.4521484375,"equal",1597115161,6.94427768621608e-08,2.40475827695263e-07,256
"702",70,0.4521484375,0.455078125,"equal",1597124135,7.59790239612812e-08,3.20658926966644e-07,256
"703",71,0.455078125,0.4580078125,"equal",1597133439,8.21487944335786e-08,3.21740628805856e-07,256
"704",72,0.4580078125,0.4609375,"equal",1597142945,8.86003803657331e-08,3.23724549389226e-07,256
"705",73,0.4609375,0.4638671875,"equal",1597152614,9.36557711384012e-08,3.24761657566341e-07,256
"706",74,0.4638671875,0.466796875,"equal",1597162785,9.85624595273293e-08,4.05961372962338e-07,256
"707",75,0.466796875,0.4697265625,"equal",1597173486,1.0576646758409e-07,4.07288410997353e-07,256
"708",76,0.4697265625,0.47265625,"equal",1597184652,1.15212415607857e-07,4.09775850584992e-07,256
"709",77,0.47265625,0.4755859375,"equal",1597195447,1.18802432780285e-07,4.1104834735961e-07,256
"710",78,0.4755859375,0.478515625,"equal",1597207312,1.26667814015491e-07,4.12313880815418e-07,256
"711",79,0.478515625,0.4814453125,"equal",1597219508,1.3429800560516e-07,4.9481468522572e-07,256
"712",80,0.4814453125,0.484375,"equal",1597231950,1.43235098448713e-07,4.97769576668361e-07,256
"713",81,0.484375,0.4873046875,"equal",1597244578,1.51299403228222e-07,4.99297811984434e-07,256
"714",82,0.4873046875,0.490234375,"equal",1597257435,1.58223187440854e-07,5.82519760428113e-07,256
"715",83,0.490234375,0.4931640625,"equal",1597271032,1.67480052937208e-07,5.84318968321895e-07,256
"716",84,0.4931640625,0.49609375,"equal",1597284719,1.76570694065958e-07,5.87740544233384e-07,256
"717",85,0.49609375,0.4990234375,"equal",1597298501,1.84754256338238e-07,5.89479100199242e-07,256
"718",86,0.4990234375,0.501953125,"equal",1597306800,5.05394837091444e-08,2.52907881304054e-07,256
"719",87,0.501953125,0.5048828125,"equal",1597298497,9.42510069990021e-08,3.38814885481042e-07,256
"720",88,0.5048828125,0.5078125,"equal",1597288596,9.17636810982003e-08,3.39791881742713e-07,256
"721",89,0.5078125,0.5107421875,"equal",1597279397,8.55424460155518e-08,3.39864925535949e-07,256
"722",90,0.5107421875,0.513671875,"equal",1597270359,8.25836679041458e-08,3.40813841148702e-07,256
"723",91,0.513671875,0.5166015625,"equal",1597261640,7.81362530233309e-08,2.57044973750453e-07,256
"724",92,0.5166015625,0.51953125,"equal",1597253201,7.48819175555582e-08,2.57772541090162e-07,256
"725",93,0.51953125,0.5224609375,"equal",1597244799,7.08595138121382e-08,2.58497891536535e-07,256
"726",94,0.5224609375,0.525390625,"equal",1597236901,6.75588083254297e-08,2.59221422993505e-07,256
"727",95,0.525390625,0.5283203125,"equal",1597228749,6.67061712533723e-08,2.59358102994156e-07,256
"728",96,0.5283203125,0.53125,"equal",1597221396,6.29268726015653e-08,2.60051137956907e-07,256
"729",97,0.53125,0.5341796875,"equal",1597214361,5.95379852086353e-08,2.60749970948382e-07,256
"730",98,0.5341796875,0.537109375,"equal",1597207670,5.54272219233098e-08,2.61410974644605e-07,256
"731",99,0.537109375,0.5400390625,"equal",1597201194,5.30632284778676e-08,2.62119215221901e-07,256
"732",100,0.5400390625,0.54296875,"equal",1597194733,5.05111366067013e-08,1.75682032477198e-07,256
"733",101,0.54296875,0.5458984375,"equal",1597188740,4.81816364583665e-08,1.76155097619812e-07,256
"734",102,0.5458984375,0.548828125,"equal",1597182413,4.61897720072102e-08,1.766267274661e-07,256
"735",103,0.548828125,0.5517578125,"equal",1597176913,4.42227765518055e-08,1.77097319919994e-07,256
"736",104,0.5517578125,0.5546875,"equal",1597171373,4.26710258238927e-08,1.77562654357644e-07,256
"737",105,0.5546875,0.5576171875,"equal",1597166216,4.081508109266e-08,1.78032394160255e-07,256
"738",106,0.5576171875,0.560546875,"equal",1597161085,4.02546227462608e-08,1.78482721935325e-07,256
"739",107,0.560546875,0.5634765625,"equal",1597156306,4.06264426544567e-08,1.78936900852023e-07,256
"740",108,0.5634765625,0.56640625,"equal",1597151621,4.17859205015247e-08,1.79200270622459e-07,256
"741",109,0.56640625,0.5693359375,"equal",1597147576,3.79556404084269e-08,1.79658400156768e-07,256
"742",110,0.5693359375,0.572265625,"equal",1597143631,3.59434295660321e-08,1.80051671350157e-07,256
"743",111,0.572265625,0.5751953125,"equal",1597140063,3.41921726487726e-08,1.80540894234582e-07,256
"744",112,0.5751953125,0.578125,"equal",1597136628,3.2485690582007e-08,1.80937334448572e-07,256
"745",113,0.578125,0.5810546875,"equal",1597133150,3.26280122919798e-08,1.81447688873959e-07,256
"746",114,0.5810546875,0.583984375,"equal",1597130092,3.16614965356621e-08,1.8183683891948e-07,256
"747",115,0.583984375,0.5869140625,"equal",1597127161,3.09616083882247e-08,1.82329969788952e-07,256
"748",116,0.5869140625,0.58984375,"equal",1597124526,3.06549381434706e-08,1.82722402541913e-07,256
"749",117,0.58984375,0.5927734375,"equal",1597122284,2.95349700252245e-08,1.83177519375022e-07,256
"750",118,0.5927734375,0.595703125,"equal",1597120040,2.94289570490491e-08,9.20078591093443e-08,256
"751",119,0.595703125,0.5986328125,"equal",1597117471,2.91618995618137e-08,1.84047678430943e-07,256
"752",120,0.5986328125,0.6015625,"equal",1597115963,2.83844023840629e-08,9.24592598039453e-08,256
"753",121,0.6015625,0.6044921875,"equal",1597114231,2.74990519244511e-08,9.26840684201125e-08,256
"754",122,0.6044921875,0.607421875,"equal",1597112715,2.62808921291935e-08,9.29084436052108e-08,256
"755",123,0.607421875,0.6103515625,"equal",1597111279,2.55718006769712e-08,9.31322219344111e-08,256
"756",124,0.6103515625,0.61328125,"equal",1597110033,2.49164902044186e-08,9.33550623472001e-08,256
"757",125,0.61328125,0.6162109375,"equal",1597108654,2.78824057176053e-08,9.35780946065279e-08,256
"758",126,0.6162109375,0.619140625,"equal",1597108741,2.80727903145817e-08,9.38002742145727e-08,256
"759",127,0.619140625,0.6220703125,"equal",1597108047,2.77893263955775e-08,9.40219706535572e-08,256
"760",128,0.6220703125,0.625,"equal",1597107194,2.43322073600893e-08,9.42431270800625e-08,256
"761",129,0.625,0.6279296875,"equal",1597107217,2.61341011054128e-08,9.44634379607123e-08,256
"762",130,0.6279296875,0.630859375,"equal",1597106362,2.60284060971117e-08,9.46834575188404e-08,256
"763",131,0.630859375,0.6337890625,"equal",1597106425,2.42309781128824e-08,9.49034415498318e-08,256
"764",132,0.6337890625,0.63671875,"equal",1597106633,2.33528982818143e-08,9.51223597667195e-08,256
"765",133,0.63671875,0.6396484375,"equal",1597107369,2.4517202490415e-08,9.53409298176666e-08,256
"766",134,0.6396484375,0.642578125,"equal",1597107712,2.42642457237707e-08,9.55591445972459e-08,256
"767",135,0.642578125,0.6455078125,"equal",1597108699,2.46229010514298e-08,9.5776520936397e-08,256
"768",136,0.6455078125,0.6484375,"equal",1597109598,2.52464555927645e-08,9.59939541189669e-08,256
"769",137,0.6484375,0.6513671875,"equal",1597110491,2.51573908371938e-08,9.62104920176898e-08,256
"770",138,0.6513671875,0.654296875,"equal",1597111507,2.59924686218937e-08,9.64266746450448e-08,256
"771",139,0.654296875,0.6572265625,"equal",1597113097,2.61371031484714e-08,9.66421893622282e-08,256
"772",140,0.6572265625,0.66015625,"equal",1597114842,2.66182347274935e-08,9.68574198623173e-08,256
"773",141,0.66015625,0.6630859375,"equal",1597116302,2.74550213674729e-08,9.7072145877064e-08,256
"774",142,0.6630859375,0.666015625,"equal",1597117867,2.81457452899758e-08,9.7286260825058e-08,256
"775",143,0.666015625,0.6689453125,"equal",1597120103,2.83483352347957e-08,9.75000560288208e-08,256
"776",144,0.6689453125,0.671875,"equal",1597122122,2.89594339619725e-08,9.77132970092498e-08,256
"777",145,0.671875,0.6748046875,"equal",1597124236,2.91309074640367e-08,9.79261329803194e-08,256
"778",146,0.6748046875,0.677734375,"equal",1597126650,2.9511051380382e-08,9.81385497311749e-08,256
"779",147,0.677734375,0.6806640625,"equal",1597128984,3.00136022701736e-08,9.83504335749785e-08,256
"780",148,0.6806640625,0.68359375,"equal",1597131803,2.99087119515207e-08,9.85618839877134e-08,256
"781",149,0.68359375,0.6865234375,"equal",1597134618,3.09246317442557e-08,1.97137751456467e-07,256
"782",150,0.6865234375,0.689453125,"equal",1597137618,3.12978656324958e-08,1.97550974689875e-07,256
"783",151,0.689453125,0.6923828125,"equal",1597141053,3.490553268648e-08,1.98005622564779e-07,256
"784",152,0.6923828125,0.6953125,"equal",1597144128,3.41133556958084e-08,1.98418874219897e-07,256
"785",153,0.6953125,0.6982421875,"equal",1597147627,3.52705704642631e-08,1.98850401034179e-07,256
"786",154,0.6982421875,0.701171875,"equal",1597151220,3.77226676562259e-08,1.99285238977609e-07,256
"787",155,0.701171875,0.7041015625,"equal",1597154675,3.6028190208981e-08,1.99707443471198e-07,256
"788",156,0.7041015625,0.70703125,"equal",1597158570,3.87369638588098e-08,2.00123750460079e-07,256
"789",157,0.70703125,0.7099609375,"equal",1597162486,3.99546600249323e-08,2.00550445583758e-07,256
"790",158,0.7099609375,0.712890625,"equal",1597166728,4.36911342660551e-08,2.00979528131029e-07,256
"791",159,0.712890625,0.7158203125,"equal",1597170906,4.55750779337905e-08,2.01400169430599e-07,256
"792",160,0.7158203125,0.71875,"equal",1597175116,4.53988882043177e-08,2.01814856382043e-07,256
"793",161,0.71875,0.7216796875,"equal",1597179629,4.8810502306651e-08,2.02243910507605e-07,256
"794",162,0.7216796875,0.724609375,"equal",1597184228,5.15994464933556e-08,2.02933335913258e-07,256
"795",163,0.724609375,0.7275390625,"equal",1597188944,5.38104742986434e-08,2.03086329975122e-07,256
"796",164,0.7275390625,0.73046875,"equal",1597193536,5.25791818972721e-08,2.03481917537829e-07,256
"797",165,0.73046875,0.7333984375,"equal",1597198375,5.20696978867363e-08,2.04174057216733e-07,256
"798",166,0.7333984375,0.736328125,"equal",1597203173,4.93705094584129e-08,2.04580700824408e-07,256
"799",167,0.736328125,0.7392578125,"equal",1597208475,5.38647348946597e-08,2.04984942797637e-07,256
"800",168,0.7392578125,0.7421875,"equal",1597213549,5.28413401923444e-08,2.0539522438412e-07,256
"801",169,0.7421875,0.7451171875,"equal",1597218856,5.33798925062001e-08,2.05801910624359e-07,256
"802",170,0.7451171875,0.748046875,"equal",1597224242,5.38949080919338e-08,2.06206479447246e-07,256
"803",171,0.748046875,0.7509765625,"equal",1597229832,5.53797825375568e-08,2.06610295094833e-07,256
"804",172,0.7509765625,0.75390625,"equal",1597235355,5.45897265169515e-08,2.07013087560881e-07,256
"805",173,0.75390625,0.7568359375,"equal",1597241287,5.7746497361677e-08,2.07414359465474e-07,256
"806",174,0.7568359375,0.759765625,"equal",1597247186,5.98420939468269e-08,2.07816299280239e-07,256
"807",175,0.759765625,0.7626953125,"equal",1597253192,6.18741680113999e-08,2.08216604846712e-07,256
"808",176,0.7626953125,0.765625,"equal",1597259073,6.18926421225297e-08,2.08616242503012e-07,256
"809",177,0.765625,0.7685546875,"equal",1597265447,6.42924433691405e-08,3.12932371571151e-07,256
"810",178,0.7685546875,0.771484375,"equal",1597271732,6.59186412121926e-08,3.13537100282701e-07,256
"811",179,0.771484375,0.7744140625,"equal",1597278268,6.80631799809817e-08,3.14131995082789e-07,256
"812",180,0.7744140625,0.77734375,"equal",1597284903,7.12324705887113e-08,3.14744283969048e-07,256
"813",181,0.77734375,0.7802734375,"equal",1597291510,7.17151280582584e-08,3.15347875812222e-07,256
"814",182,0.7802734375,0.783203125,"equal",1597298359,7.43355386134681e-08,3.1594572647009e-07,256
"815",183,0.783203125,0.7861328125,"equal",1597305225,7.69893517826858e-08,3.16538489641971e-07,256
"816",184,0.7861328125,0.7890625,"equal",1597312352,8.23211436795646e-08,3.17153023843275e-07,256
"817",185,0.7890625,0.7919921875,"equal",1597319343,8.38544877979075e-08,3.17756388312773e-07,256
"818",186,0.7919921875,0.794921875,"equal",1597326354,8.36543918580901e-08,3.18846673508233e-07,256
"819",187,0.794921875,0.7978515625,"equal",1597333616,8.69004068704271e-08,3.19440346174815e-07,256
"820",188,0.7978515625,0.80078125,"equal",1597340855,8.71623413445377e-08,3.20025009159508e-07,256
"821",189,0.80078125,0.8037109375,"equal",1597348365,8.8767244221799e-08,3.20611547977023e-07,256
"822",190,0.8037109375,0.806640625,"equal",1597355813,9.04946588775601e-08,3.21196324648554e-07,256
"823",191,0.806640625,0.8095703125,"equal",1597363199,9.2827498576753e-08,3.21779282330681e-07,256
"824",192,0.8095703125,0.8125,"equal",1597370933,9.36602262413544e-08,3.22361017879302e-07,256
"825",193,0.8125,0.8154296875,"equal",1597378667,9.69032782904833e-08,3.22941275499034e-07,256
"826",194,0.8154296875,0.818359375,"equal",1597386586,9.76979634970121e-08,3.23521561540474e-07,256
"827",195,0.818359375,0.8212890625,"equal",1597394535,1.01858674383948e-07,4.31364412634139e-07,256
"828",196,0.8212890625,0.82421875,"equal",1597402648,1.02715361549599e-07,4.3214225797783e-07,256
"829",197,0.82421875,0.8271484375,"equal",1597410884,1.05637006697634e-07,4.32925446602894e-07,256
"830",198,0.8271484375,0.830078125,"equal",1597419146,1.08414916155652e-07,4.33700705571027e-07,256
"831",199,0.830078125,0.8330078125,"equal",1597427575,1.12954481323868e-07,4.34476248756255e-07,256
"832",200,0.8330078125,0.8359375,"equal",1597436005,1.15775222297998e-07,4.35245539165408e-07,256
"833",201,0.8359375,0.8388671875,"equal",1597444482,1.15787841536985e-07,4.36020712868412e-07,256
"834",202,0.8388671875,0.841796875,"equal",1597453100,1.20073210041483e-07,4.36790884350557e-07,256
"835",203,0.841796875,0.8447265625,"equal",1597461839,1.23754730907422e-07,4.3756068635048e-07,256
"836",204,0.8447265625,0.84765625,"equal",1597470579,1.25859585864418e-07,4.39006413444076e-07,256
"837",205,0.84765625,0.8505859375,"equal",1597479333,1.26873871408861e-07,4.39768911064675e-07,256
"838",206,0.8505859375,0.853515625,"equal",1597488153,1.2939126747824e-07,4.40529930756384e-07,256
"839",207,0.853515625,0.8564453125,"equal",1597497053,1.29282511807105e-07,4.41285237684497e-07,256
"840",208,0.8564453125,0.859375,"equal",1597506121,1.32474596625798e-07,4.42039151948848e-07,256
"841",209,0.859375,0.8623046875,"equal",1597515343,1.3714442559376e-07,4.42792043031659e-07,256
"842",210,0.8623046875,0.865234375,"equal",1597524385,1.36797012828538e-07,4.43543910932931e-07,256
"843",211,0.865234375,0.8681640625,"equal",1597533670,1.39717471370204e-07,4.44294329327022e-07,256
"844",212,0.8681640625,0.87109375,"equal",1597543168,1.42297992056228e-07,5.55372480448568e-07,256
"845",213,0.87109375,0.8740234375,"equal",1597552653,1.45742859558595e-07,5.56319150746276e-07,256
"846",214,0.8740234375,0.876953125,"equal",1597562200,1.47948526318942e-07,5.5725905667714e-07,256
"847",215,0.876953125,0.8798828125,"equal",1597571945,1.51715255469753e-07,5.58206068035361e-07,256
"848",216,0.8798828125,0.8828125,"equal",1597581579,1.54926226514362e-07,5.59138925382285e-07,256
"849",217,0.8828125,0.8857421875,"equal",1597591374,1.57131154310264e-07,5.60072521693655e-07,256
"850",218,0.8857421875,0.888671875,"equal",1597601250,1.62694618666137e-07,5.61002480026218e-07,256
"851",219,0.888671875,0.8916015625,"equal",1597611126,1.63186925306036e-07,5.62811862891976e-07,256
"852",220,0.8916015625,0.89453125,"equal",1597621080,1.64877349106973e-07,5.63736875847098e-07,256
"853",221,0.89453125,0.8974609375,"equal",1597631142,1.68098665653815e-07,5.6465938769179e-07,256
"854",222,0.8974609375,0.900390625,"equal",1597641257,1.72656370978075e-07,5.65581160572037e-07,256
"855",223,0.900390625,0.9033203125,"equal",1597651361,1.72855337154942e-07,5.66501228149718e-07,256
"856",224,0.9033203125,0.90625,"equal",1597661538,1.7311690214683e-07,5.67419135677483e-07,256
"857",225,0.90625,0.9091796875,"equal",1597671880,1.78512109982876e-07,5.68334769468493e-07,256
"858",226,0.9091796875,0.912109375,"equal",1597682237,1.83037428769239e-07,6.82004269947356e-07,256
"859",227,0.912109375,0.9150390625,"equal",1597692752,1.84890978971453e-07,6.83104644849664e-07,256
"860",228,0.9150390625,0.91796875,"equal",1597703329,1.85945765451834e-07,6.84213887325313e-07,256
"861",229,0.91796875,0.9208984375,"equal",1597713932,1.91669400351202e-07,6.85305224124022e-07,256
"862",230,0.9208984375,0.923828125,"equal",1597724697,1.95114793655193e-07,6.86406963268382e-07,256
"863",231,0.923828125,0.9267578125,"equal",1597735466,1.96119330553302e-07,6.87518593167624e-07,256
"864",232,0.9267578125,0.9296875,"equal",1597746275,1.9734116563086e-07,6.88606348830945e-07,256
"865",233,0.9296875,0.9326171875,"equal",1597757136,2.02423080963854e-07,6.8969086441939e-07,256
"866",234,0.9326171875,0.935546875,"equal",1597768099,2.06508843803022e-07,6.90780893819465e-07,256
"867",235,0.935546875,0.9384765625,"equal",1597779069,2.08414590474604e-07,6.92901835463999e-07,256
"868",236,0.9384765625,0.94140625,"equal",1597790061,2.10171478443044e-07,6.93982940447313e-07,256
"869",237,0.94140625,0.9443359375,"equal",1597801144,2.1352433066113e-07,6.95062340128061e-07,256
"870",238,0.9443359375,0.947265625,"equal",1597812201,2.15970658246079e-07,6.96140944000945e-07,256
"871",239,0.947265625,0.9501953125,"equal",1597823463,2.19285567482075e-07,6.97215739364765e-07,256
"872",240,0.9501953125,0.953125,"equal",1597834780,2.23870046056618e-07,6.98290477885166e-07,256
"873",241,0.953125,0.9560546875,"equal",1597846216,2.24946049343089e-07,6.99362885825394e-07,256
"874",242,0.9560546875,0.958984375,"equal",1597857635,2.28694347015335e-07,7.00433531619638e-07,256
"875",243,0.958984375,0.9619140625,"equal",1597869170,2.28770019816693e-07,8.17190141333413e-07,256
"876",244,0.9619140625,0.96484375,"equal",1597880629,2.33313258490853e-07,8.18423814052949e-07,256
"877",245,0.96484375,0.9677734375,"equal",1597892277,2.39733310536394e-07,8.19681076791312e-07,256
"878",246,0.9677734375,0.970703125,"equal",1597904086,2.4341397875105e-07,8.20939874301985e-07,256
"879",247,0.970703125,0.9736328125,"equal",1597915766,2.42744761180802e-07,8.22185768356576e-07,256
"880",248,0.9736328125,0.9765625,"equal",1597927613,2.45541599497301e-07,8.23437289909634e-07,256
"881",249,0.9765625,0.9794921875,"equal",1597939540,2.4903800976972e-07,8.24683695554995e-07,256
"882",250,0.9794921875,0.982421875,"equal",1597951406,2.53188630949808e-07,8.25922825242742e-07,256
"883",251,0.982421875,0.9853515625,"equal",1597963352,2.57684092730415e-07,8.28318377443793e-07,256
"884",252,0.9853515625,0.98828125,"equal",1597975155,2.57147092952437e-07,8.29553755465895e-07,256
"885",253,0.98828125,0.9912109375,"equal",1597987359,2.60968306520226e-07,8.30781630156707e-07,256
"886",254,0.9912109375,0.994140625,"equal",1597999344,2.6350693360655e-07,8.32016667118296e-07,256
"887",255,0.994140625,0.9970703125,"equal",1598011381,2.64512834746711e-07,8.33241358577652e-07,256
"888",256,0.9970703125,1,"equal",1598022250,1.88284531077443e-07,4.76767013424251e-07,256
